a,工
ak,或
akg,或
akgd,或
adw,其
adwu,其
awx,花
awxb,花
adk,若
afs,某
afsu,某
adkf,若
aqi,区
aq,区
amw,黄
aad,式
aa,式
amwu,黄
aw,共
awu,共
aii,东
alw,苏
ag,七
aesu,菜
aes,菜
ae,菜
alwu,苏
agn,七
ai,东
ajtl,蓝
ajt,蓝
adwr,斯
ajd,莫
ajdu,莫
aws,茶
awsu,茶
avn,切
adwe,期
av,切
ajj,草
ax,药
axq,药
axqy,药
amd,英
amdu,英
aitk,落
avij,萧
avi,萧
afln,勒
afl,勒
adf,苦
abj,节
ab,节
ait,落
ahty,雅
ahn,臣
ahnh,臣
admy,项
aaa,工
adm,项
adnt,藏
ad,基
aqq,欧
aibb,范
an,世
anv,世
aqqw,欧
aqt,获
aqtd,获
adwf,基
afff,鞋
aft,著
aib,范
aftj,著
auq,蒋
aqu,艾
auqf,蒋
adj,菲
adjd,菲
al,功
aln,功
apge,蒙
ah,牙
aht,牙
aet,散
aety,散
atg,董
ahte,牙
atgf,董
apg,蒙
apsu,荣
auko,燕
aps,荣
apkk,营
apk,营
au,燕
awf,蔡
awfi,蔡
at,攻
aty,攻
afd,甘
adwn,甚
and,巨
anb,艺
atdi,医
abut,萨
abu,萨
alp,莲
aqk,敬
atd,医
aqkt,敬
alpu,莲
agnn,巧
ahtb,邪
ayb,芳
ay,芳
aigf,薄
aak,戒
aig,薄
ahko,熙
alf,苗
awnu,薛
ajdn,慕
aj,划
aeui,藤
aeu,藤
adkn,惹
ajh,划
ajdf,墓
aqbb,苑
atm,薇
ago,莱
atr,莪
atrt,莪
atmt,薇
agou,莱
aqb,苑
atjj,莉
anu,芯
atj,莉
awsk,荷
agnt,戈
abio,蒸
abi,蒸
ajq,葛
ajqn,葛
aqo,菊
aqou,菊
aqrn,葱
apl,劳
akgl,勤
ajef,萌
aje,萌
aplb,劳
aup,蒂
auph,蒂
aqky,警
ani,忒
amyn,恐
aflf,蕾
aigh,萍
ajdh,幕
awvb,芬
awv,芬
adn,茂
adnt,茂
ap,芝
apu,芝
aiit,莎
awb,苍
awbb,苍
afcu,芸
awnb,巷
awn,巷
apgy,莹
avkf,茹
avk,茹
aynq,荒
adjd,匪
agq,葬
agqa,葬
apw,蓉
apwk,蓉
aww,巫
apgg,萱
awwi,巫
annn,蕊
afi,蒜
afii,蒜
ajdj,暮
adww,欺
ann,蕊
afw,鞭
ald,茵
auqw,茨
atgq,尧
aldu,茵
afwq,鞭
afwu,芙
atdp,蓬
ahnh,卧
ainr,荡
ain,荡
aigy,蒲
atgn,翘
aqkf,茗
afj,革
af,革
altu,菌
alt,菌
ahf,芷
afwt,菱
aqv,匹
asf,茜
am,贡
amu,贡
aga,荆
agaj,荆
adiy,藕
awnb,孽
aynb,芒
ayn,芒
acbt,茅
alqu,萝
alq,萝
ajf,昔
anf,蔚
anff,蔚
asg,苯
asgf,苯
atgo,薰
awnu,恭
aaht,芽
aah,芽
ausr,薪
aus,薪
akgn,惑
asgo,蘸
awg,葵
awgd,葵
axj,蕴
axjl,蕴
afwx,靴
ags,茉
agsu,茉
ajl,蔓
ajlc,蔓
aca,茎
acaf,茎
adhb,荐
adh,荐
acb,芭
abe,荫
aqyg,鸢
ac,芭
abef,荫
aldn,蒽
agef,菁
afmi,贰
afm,贰
ayxl,蓄
ayx,蓄
arj,芹
awh,莜
adij,藉
adi,藉
awht,莜
aqkf,苟
amwu,芮
aitl,藩
ahkm,颐
aynr,芦
ark,匠
ar,匠
amyy,巩
amy,巩
ade,戎
agd,匡
atfj,芊
atf,芊
aju,茧
agjn,蕙
agj,蕙
afrh,靳
afr,靳
afqo,鞠
afq,鞠
adhf,茬
adaj,莽
ada,莽
ackf,苔
ack,苔
apfq,莞
abib,菡
apqg,莺
apq,莺
awuk,蓓
avdf,菇
avd,菇
aqg,葡
aqgy,葡
afc,靶
agu,苹
aguh,苹
ahtg,鸦
afcn,靶
aik,藻
afqb,芜
aiks,藻
aplj,荤
apxi,萦
apx,萦
alkf,茄
aghg,廿
agh,廿
afuk,蔷
afu,蔷
adfi,萘
aywf,萃
ayw,萃
aumt,蔽
aum,蔽
aqmc,殴
aqm,殴
aqkr,擎
apju,萤
apj,萤
alk,匣
ajdl,募
alfj,薯
aiu,汞
afnh,苇
afn,苇
aqj,荀
aqjf,荀
aqqg,鸥
atdn,翳
awyo,蕉
auj,莘
awyc,苓
agfj,芋
awy,蕉
agf,芋
aiyn,茫
aiy,茫
agny,弋
adwl,勘
atvf,萎
atv,萎
afpv,鞍
afp,鞍
awtu,荼
awt,荼
awks,葆
awk,葆
alll,荔
all,荔
aaff,苷
aaf,苷
alkf,茴
atx,莓
atxu,莓
askf,苛
ask,苛
as,苛
adwf,斟
abf,茸
ayna,匾
aymk,蒿
aym,蒿
awjj,芥
awj,芥
atol,蕃
ato,蕃
aqnb,苞
aqn,苞
aqto,荻
aqgj,蓟
apou,荧
apo,荧
agho,蔫
ajqg,鹊
ajdr,摹
awgf,荃
aadk,匿
arcb,葩
arc,葩
awfc,荟
akgf,堇
ays,蘑
aysd,蘑
agxw,荑
agx,荑
afqb,芫
afie,鞘
adbb,苊
adb,苊
akkn,萼
apqb,菀
adg,葳
adgt,葳
aee,藐
aeeq,藐
anhq,蔬
anh,蔬
amff,苒
amf,苒
avkf,苕
auwy,蔺
auw,蔺
amh,匝
amhk,匝
amyu,芃
ank,薜
anku,薜
aqw,芡
aqwu,芡
adwt,蓁
aduw,蕨
adu,蕨
aya,蔗
apnn,菅
ayao,蔗
awyn,芩
atqh,蘅
atfh,荇
aqgn,瓯
aeej,蒯
apfl,蔻
auk,菩
atqi,藜
atq,藜
anyw,苡
axt,芗
axtr,芗
aukf,菩
any,苡
aadw,萁
amhk,萜
age,莆
agey,莆
aldt,蔑
aujn,薏
alpx,薨
amq,苋
amqb,苋
aqgd,藓
atdj,荞
ayp,葶
ayps,葶
aguw,荚
agm,芾
agmh,芾
ayj,蔼
ayjn,蔼
aqky,菟
afdp,鞑
afmd,鞅
aih,菠
ajdc,蓦
aihc,菠
abiu,荪
axx,芘
atay,苌
ata,苌
axxb,芘
afbh,邯
aqy,芍
aqyu,芍
axa,荭
axaf,荭
afb,邯
apgf,苎
adef,葫
anw,蓼
anwe,蓼
ais,菏
aisk,菏
akk,颧
akkm,颧
ariu,茱
awfu,苻
abh,邛
aetg,蕤
aqrq,蔸
ari,茱
aqtb,茆
axgn,莼
ahi,菽
ahic,菽
avf,荨
avfu,荨
axg,莼
aybc,蓠
anhc,葭
aov,蒌
aovf,蒌
aqr,萄
aqrm,萄
avw,萸
avdf,薅
aswc,菘
asw,菘
avwu,萸
aqab,芪
ajfu,莳
ajb,蕞
ajbc,蕞
aqa,芪
ayke,蓑
ayk,蓑
awuf,莅
akgq,觐
afkf,薹
adwa,戡
aqyg,茑
abry,菰
abr,菰
akkf,莒
akkg,鹳
ayve,莨
ayv,莨
anyu,荩
akhm,匮
akh,匮
ahxb,茈
ahx,茈
awwq,觋
ayt,蔟
aytd,蔟
aey,芨
aeyu,芨
aftj,蓍
ate,莠
ateb,莠
awtf,荏
apiu,荥
api,荥
auqu,茭
abm,茁
abmj,茁
adwi,綦
afwy,藿
ayjj,荠
afff,葑
apqf,蓥
apff,茔
akd,叵
ahkf,苫
ahk,苫
aeb,艿
asjj,蕈
asj,蕈
aovt,薮
afcs,鞣
ayh,苄
ayhu,苄
aysd,蘼
ayc,茺
aycq,茺
amyj,蛩
atl,蓖
atlx,蓖
atxi,蘩
adxb,茏
adx,茏
apr,荦
aprh,荦
awd,茯
awdu,茯
acbm,蓣
aeg,苴
aegf,苴
akm,莴
akmw,莴
amg,茼
amgk,茼
awns,蘖
alqg,鹋
alpn,甍
aiqg,鸫
aiq,鸫
aias,蕖
aan,苣
aanf,苣
amk,苘
amkf,苘
aujr,蕲
ahkm,赜
agqg,薤
afjg,靼
awff,茌
awcn,蓊
awc,蓊
apnf,茕
apn,茕
akgb,鄞
agkw,蔌
agmm,颟
aiaf,茳
agk,蔌
ashf,葙
ash,葙
aia,茳
ahf,苜
axb,芎
adlb,苈
ajjf,菖
ahap,蘧
adff,蓐
adl,苈
aha,蘧
aqks,檠
apdf,菪
apd,菪
afqy,鞫
aube,蒴
agi,苤
agig,苤
aub,蒴
alph,瞢
awgt,蔹
anb,芑
aqrr,芴
ahtp,迓
aevf,荽
aev,荽
axxf,荜
alvv,匦
alv,匦
atfp,莛
aveu,茛
ave,茛
aiye,蒗
aire,蒎
air,蒎
aadn,葚
aqgb,茚
adaw,蕻
avb,艽
auv,蒹
anud,荬
aff,芏
ayxy,蕹
ayms,藁
auvo,蒹
aebf,莩
akfi,菋
aghh,艹
agku,荳
agn,匚
agt,廾
agth,廾
aie,菹
aieg,菹
ajsu,菓
alfw,巭
aafd,甙
aat,荛
aatq,荛
adc,茇
adcu,茇
allb,莮
amyh,跫
art,萆
artf,萆
aruf,菈
aupy,蒡
axf,荮
axfu,荮
aywu,菸
akb,葺
afcu,芰
akbf,葺
awwu,苁
aebc,菔
afa,鞯
ajvb,郾
ajv,郾
afab,鞯
aadn,慝
avyu,芄
avy,芄
agv,萋
ard,菝
afdj,薷
agvv,萋
ardc,菝
akbt,蕺
admt,蒇
abnb,芤
abn,芤
akhm,蒉
alnu,葸
awgi,莶
amc,芟
amcu,芟
anm,贳
anmu,贳
aqtn,莸
asr,菥
asrj,菥
afqw,莰
adhd,葜
aut,蒺
ath,蓰
athh,蓰
autd,蒺
amyq,銎
anab,苠
ana,苠
afqq,鞔
afae,鞴
awyf,萑
apwj,蓿
axxr,蒈
aftj,鞒
awyj,劐
aqvf,萏
afpb,荸
afff,鞲
b,了
bbbb,子
bnh,了
bnhn,也
bn,也
bm,出
bmk,出
bsk,阿
bskg,阿
bs,阿
bb,子
bbb,子
bwy,队
bw,队
baiy,陈
ba,陈
bai,陈
bi,孙
biy,孙
bbh,耶
bwt,除
bwty,除
bcy,取
bc,取
bde,随
bdep,随
buk,陪
bukg,陪
bfmh,陆
bfm,陆
by,防
byn,防
bjg,阳
bj,阳
beg,阴
be,阴
bt,降
btah,降
bta,降
blh,阵
bl,阵
bqtb,聊
bqt,聊
budy,联
bud,联
bgd,卫
bg,卫
bu,联
bnn,孔
bpf,院
bpfq,院
blf,孟
bcti,聚
bct,聚
bqvn,隐
bq,隐
bqrm,陶
bcvf,娶
bcv,娶
bqr,陶
btg,隆
btgg,隆
bgh,耳
bghg,耳
bwf,附
bwfy,附
bkwy,职
bk,职
bkw,职
bd,承
bdi,承
bdii,承
bgkh,隔
bgk,隔
brcy,孤
bve,限
bv,限
brc,孤
br,孤
bwg,险
bwgi,险
bvey,限
bfq,阮
bcc,聂
bccu,聂
bfqn,阮
bfw,陵
bfwt,陵
bwjh,阶
bwj,阶
bqvg,陷
bynw,孩
bqv,陷
bo,耿
boy,耿
bib,函
bibk,函
bpx,陀
bpxn,陀
bmgn,聘
bmg,聘
begg,阻
bp,辽
bpk,辽
bdjg,陌
bda,隋
bdae,隋
bdj,陌
bukn,聪
bwff,坠
bip,逊
bipi,逊
bigf,丞
big,丞
bfiy,际
bfi,际
bf,际
bgu,陕
bguw,陕
bh,耻
bhg,耻
bfhy,陡
bdef,堕
bfh,陡
bujh,障
buj,障
bty,孜
bjm,隅
bjmy,隅
bdx,陇
bdxn,陇
bwyc,聆
bgm,陋
bgmn,陋
bij,隙
biji,隙
bpqn,耽
bpq,耽
bkm,陨
bkmy,陨
btf,阡
btfh,阡
bnhg,孑
brcy,阪
bll,勐
blln,勐
bmfi,祟
bhcy,陂
bhc,陂
bmf,祟
buw,隘
buwl,隘
bue,隧
buep,隧
bxx,陛
bx,陛
bxxf,陛
bccm,颞
bkcg,亟
bkc,亟
byi,孓
bfdj,孺
bfd,孺
bbg,孖
bqnn,孢
bqn,孢
bmfg,聃
bhgj,蚩
bhi,陟
btdg,聒
btd,聒
brqc,隗
brq,隗
bhit,陟
bhic,骘
bdan,隳
blge,隈
brg,隍
brgg,隍
bfjh,阱
bfj,阱
btgf,陲
bynw,陔
bjx,隰
bjxo,隰
bkhm,聩
bkh,聩
bbc,陬
bbcy,陬
bxgu,乸
bca,陉
bcag,陉
bctb,鄹
brtf,陴
brt,陴
bmo,粜
bmou,粜
bnh,阝
bnh,卩
bnh,凵
bhkg,阽
bhk,屮
bgqn,阢
bgq,阢
bpsh,聍
bps,聍
bth,阼
bthf,阼
bjfg,陧
bjf,陧
bsh,耵
bigb,卺
c,以
cccc,又
cf,对
cfy,对
ccc,又
ce,能
cexx,能
cex,能
cn,马
cnng,马
cnn,马
ckf,台
ck,台
cw,难
cwy,难
cwyg,难
ccy,双
cc,双
cep,通
cqyg,鸡
cqy,鸡
cepk,通
cat,戏
ca,戏
cnh,巴
cnhn,巴
cff,圣
cm,观
cmqn,观
cmq,观
cexo,熊
cyna,骗
cb,邓
cbh,邓
cygg,驻
cy,驻
cyg,驻
caln,劲
cal,劲
cds,骑
cdsk,骑
cel,勇
celb,勇
cccs,桑
cbts,柔
cln,劝
cl,劝
cyn,驴
cynt,驴
ctdu,矣
ctd,矣
ct,矣
cqwy,欢
cqw,欢
ccyj,骚
cd,参
cder,参
cde,参
cbj,予
cq,允
cqb,允
cbdm,预
cbd,预
cyi,叉
cwg,验
cccg,叠
cwgi,验
cad,颈
cadm,颈
ctkg,骆
ccw,骏
ctk,骆
ccwt,骏
cccf,垒
cbqe,豫
cbq,豫
cbn,驰
caqy,驱
caq,驱
cdd,叁
cddf,叁
cbt,矛
cbtr,矛
cp,驼
cpx,驼
cqqy,驳
cpxn,驼
cqq,驳
cmg,骋
cmgn,骋
cdy,驮
cr,牟
crh,牟
crhj,牟
ctdj,骄
ccf,驿
ccfh,驿
ckqy,驶
ckq,驶
cux,骥
cuxw,骥
ccy,驭
cqkg,驹
cqk,驹
cbci,骤
cbc,骤
cvey,艰
cve,艰
cv,艰
cynw,骇
cwxf,骅
cwx,骅
catq,骁
ckh,驯
clxi,骡
clx,骡
cknu,怠
ckn,怠
cadw,骐
cg,骊
cgm,骊
cgmy,骊
cbtn,矜
cyke,骧
cyk,骧
ckbh,邰
ckb,邰
cej,甬
cbtc,骛
cs,骠
csf,骠
csfi,骠
cbtv,婺
clg,驷
cbtg,鹜
cwyg,骓
cynn,骟
ctln,骢
ctl,骢
cyju,蚤
cyj,蚤
caj,弁
cua,骈
cuah,骈
cap,迳
capd,迳
cwfy,驸
cwf,驸
cbtg,鹬
cqyl,骝
cwtc,皴
ckpd,迨
ckp,迨
cqvg,驺
cqv,驺
cajh,刭
cccm,颡
cfnu,怼
cfn,怼
cenu,恿
cen,恿
cdl,畚
cdlf,畚
ccd,骖
ccde,骖
cck,骀
cckg,骀
cbtj,蝥
cwt,逡
cegg,驵
ceg,驵
cwtp,逡
cny,厶
cbth,瞀
cbtq,鍪
ckou,炱
cko,炱
cbtj,蟊
cjs,骒
cjsy,骒
cj,骒
cayq,巯
cay,巯
cden,毵
cnb,骣
cnbb,骣
d,在
dddd,大
dhfd,在
dhf,在
def,有
dmjj,而
dmj,而
dd,大
dyi,太
dy,太
dnv,万
dggg,三
dg,三
dgg,三
dnnt,成
dnn,成
dn,成
djdd,非
djd,非
dt,帮
dtbh,帮
dqb,克
dq,克
dxv,龙
dx,龙
drii,原
dri,原
dr,原
dp,达
dpi,达
dm,面
dmjd,面
dhcy,破
dgt,厂
dgtg,石
dhc,破
dmu,页
dht,夏
dgkn,感
daf,左
da,左
dhtu,夏
de,胡
dghg,古
dgh,古
deg,胡
dc,友
drin,愿
ddu,套
dcu,友
djf,百
dj,百
dwt,秦
dwtu,秦
dskf,奇
dw,春
dwj,春
dwjf,春
dmhj,布
dmh,布
dty,故
dk,右
dkf,右
dgjq,硬
dgv,威
dgvt,威
dgj,硬
dnnl,盛
dbd,顾
dbdm,顾
dfy,压
dfyi,压
damh,砸
db,顾
dwiu,泰
dqqq,爽
dqq,爽
do,灰
dhb,存
dcg,码
dou,灰
dhbd,存
dmjv,耍
duog,碰
duo,碰
ds,厅
dpq,碗
dpqb,碗
djb,厚
dsk,厅
djbd,厚
dhdn,慧
dhd,慧
dcwy,雄
dcw,雄
dyt,矿
dnv,尤
dhk,丰
dh,丰
dfe,辰
dfei,辰
dfny,砖
dtbh,邦
dnp,迈
dnpv,迈
dtb,邦
dguh,砰
dmjf,耐
dgu,砰
dhqc,艳
dqw,砍
dqwy,砍
dyw,碎
dywf,碎
df,夺
dfi,奈
dfiu,奈
dfu,夺
dhq,艳
dfa,奔
dfaj,奔
dynu,态
dyn,态
djdn,悲
dl,历
dlv,历
dwf,奉
dwfh,奉
dgty,犬
dtf,寿
dtfu,寿
dpr,牵
dqe,确
dqeh,确
dprh,牵
dgkt,咸
dgk,咸
dfnb,夸
dfn,夸
dan,碟
dans,碟
debh,郁
deb,郁
dgah,研
dga,研
dwwy,雁
dww,雁
dxaw,龚
dxa,龚
djde,裴
ditn,耗
dmd,碳
dmdo,碳
ddd,磊
dddf,磊
dfff,奎
djdn,翡
dbv,厄
dfek,唇
dit,砂
dwjj,蠢
djdy,斐
djdl,辈
ditt,砂
di,砂
dwg,奏
dwgd,奏
ddm,硕
dma,碘
ddmy,硕
dmaw,碘
dhi,戚
dhit,戚
drt,碑
drtf,碑
dxye,袭
dxy,袭
dupy,磅
dup,磅
ddn,厉
ddnv,厉
dfc,磕
dfcl,磕
diu,泵
duxx,磁
dux,磁
du,磁
dgkf,厨
dddq,飙
dif,耕
difj,耕
dfef,辱
doq,磷
doqh,磷
dwy,礁
dwyo,礁
dyi,丈
dhvd,契
dhv,契
ddgt,碱
ddg,碱
dff,硅
dffg,硅
dvfh,肆
dv,肆
dvf,肆
ddi,厌
dwi,仄
dny,戊
dnyt,戊
dlf,奋
dav,砌
davn,砌
dsh,厢
dshd,厢
djg,碍
djgf,碍
ddht,厦
ddh,厦
djfd,厘
dgnt,戌
dgn,戌
dndt,臧
dycq,硫
dyc,硫
ddnl,励
dnd,臧
dnae,碾
dna,碾
dmq,砚
dmqn,砚
dxb,聋
dxbf,聋
dmjk,厕
dtr,硪
dsg,硒
dicn,耙
dic,耙
dtrt,硪
dftj,奢
dft,奢
duj,辜
dubw,厥
dmn,矶
dwa,砼
dwag,砼
djh,砷
djhh,砷
depw,鬓
dol,盔
dolf,盔
dpx,砣
dpxn,砣
dvi,碌
dviy,碌
dynt,戍
defk,髻
dlb,夯
dadr,厮
daj,厝
dajd,厝
dxff,垄
die,硝
dsj,碴
dsjg,碴
dxf,垄
dieg,硝
ddr,魇
ddrc,魇
dddn,砺
dtk,硌
dtkg,硌
dwv,舂
dwvf,舂
dqi,砾
dqiy,砾
dhih,蹙
did,耨
didf,耨
depi,鬃
dep,鬃
djdg,韭
deeg,硼
dee,硼
difc,耘
damw,磺
dam,磺
dgmy,碛
dgm,碛
dtfo,焘
dbm,础
djn,奄
djnb,奄
dbmh,础
demf,髯
dem,髯
dddl,靥
dhdb,酆
dii,耒
dmy,矾
dmyy,矾
drh,斫
dfej,蜃
duda,磋
dud,磋
dnwj,尬
dnw,尬
dhar,戛
dha,戛
dgaj,硎
dmfk,碉
dmf,碉
dhdv,彗
dtpy,砭
dtp,砭
dqdq,兢
dqd,兢
dqay,砥
dele,鬟
del,鬟
djq,碣
djqn,碣
djdj,蜚
dijy,耦
dij,耦
degq,髡
dhkg,砧
dwyg,碓
dbf,耷
dpgh,碇
dmqy,砜
dnk,趸
dug,砬
dnkh,趸
detn,髦
dfh,矸
dskw,欹
dhvr,挈
dfny,瓠
dcde,碜
devn,鬣
dmg,硐
dcd,碜
dmgk,硐
daht,砑
dah,砑
ddwe,餍
ddw,餍
dvcq,厩
dvc,厩
dwwm,赝
dlk,厍
daqu,奁
daq,奁
dqas,磔
dthf,砟
dnl,劢
dnln,劢
dth,砟
dwgu,磴
dlh,砗
dfnj,刳
dnrt,砀
diuy,耪
dnr,砀
dnjl,尴
dmjg,鸸
dukg,碚
duk,碚
ddl,厣
ddlk,厣
dias,磲
dhdf,砉
dxdf,砻
dxd,砻
duph,碲
dfnn,匏
dkj,夼
datq,硗
diov,耧
dio,耧
dew,髹
dews,髹
dat,硗
dehx,髭
deh,髭
dskj,剞
dib,耔
dibg,耔
dxxn,砒
dxx,砒
dpgg,碹
dnhc,嘏
dnh,嘏
dybt,礅
dyb,礅
dguw,硖
det,髟
dawi,礤
day,硭
dxjh,砩
dxj,砩
dqyg,鸪
dayn,硭
dqy,矽
dwgi,硷
dnv,尢
dmb,冇
daw,礤
deu,鬈
dfcy,砝
deub,鬈
daqy,砹
dnju,虿
devk,髫
din,耜
dinn,耜
diff,耩
dnq,尥
dtl,硇
dtlq,硇
dnqy,尥
daif,礴
dai,礴
djng,鹌
dubj,劂
deto,鬏
dgb,砘
dgbn,砘
dujg,鹩
duce,磙
duc,磙
dap,礞
dape,礞
dyna,碥
dmjn,恧
diy,耱
diyd,耱
dccs,磉
dcc,磉
dglg,礓
dgl,礓
diit,耖
dial,耢
deq,鹕
deqg,鹕
diw,耠
diwk,耠
diik,耥
dhvn,恝
dgx,碡
dgxu,碡
e,有
eeee,月
eee,月
etnh,用
et,用
eyi,及
ey,及
ep,爱
epdc,爱
epd,爱
epcu,受
epc,受
emc,股
emcy,股
egd,且
eg,且
egc,县
egcu,县
efcb,脚
etgg,胜
etg,胜
ewgi,脸
ewg,脸
ew,脸
eudy,朕
eve,腿
evep,腿
etn,乃
ebc,服
ebcy,服
eb,服
eufh,胖
euf,胖
eset,彩
ese,彩
ed,须
edmy,须
edm,须
esvg,腰
esv,腰
esu,采
es,采
euk,脱
eukq,脱
egl,助
egln,助
ecn,肥
ec,肥
eyfg,脏
eyf,脏
eybh,脑
eyb,脑
eqqb,胸
eqq,胸
eq,胸
eudc,腾
eeq,鹏
eeqg,鹏
eud,腾
egm,肺
efh,肝
ef,肝
egmh,肺
ecl,盈
eclf,盈
eu,胶
env,甩
en,甩
ejgg,胆
ej,胆
eajd,膜
ejg,胆
euqy,胶
euq,胶
eyni,脉
ebnn,乳
ebn,乳
eck,胎
eckg,胎
ermp,遥
enrt,肠
enr,肠
er,遥
erm,遥
ee,朋
eeg,朋
ebf,孕
eeqy,豹
eafm,腻
egcn,悬
etj,腹
eaf,腻
etjt,腹
epwa,腔
epw,腔
epi,逐
eqd,脆
emn,肌
em,肌
efg,肚
eqdb,脆
exj,脂
ertf,脾
emqb,觅
emq,觅
ex,脂
exjg,脂
ert,脾
eerq,貌
eudi,滕
ekhh,肿
ek,肿
ekh,肿
epqh,舜
edjn,腌
eajg,腊
eaj,腊
etay,胀
elvf,爵
elv,爵
eevk,貂
eev,貂
eta,胀
efwy,肤
efw,肤
eag,肛
eswi,膝
esw,膝
ea,肛
efy,肘
epq,腕
epqb,腕
ejtg,腥
ejt,腥
epvg,胺
epv,胺
eqn,胞
eqnn,胞
eudk,膳
edyy,肽
el,肋
eln,肋
ev,妥
evf,妥
edy,肽
exdu,奚
exd,奚
egi,胚
egig,胚
epgh,腚
epg,腚
epe,脓
epey,脓
efp,脖
efpb,脖
efcy,肢
efc,肢
evf,舀
elwy,胁
elw,胁
edfn,胯
edf,胯
ebf,孚
eyjh,脐
elny,腮
eyj,脐
eiu,尕
eri,腺
eriy,腺
eey,豚
eape,朦
eap,朦
edx,胧
edxn,胧
eerp,邈
egx,胰
egxw,胰
ei,膛
eip,膛
eipf,膛
ekks,臊
eupy,膀
eup,膀
esf,膘
eftc,爰
eft,爰
esfi,膘
emaw,腆
ema,腆
eywf,腑
eyw,腑
egey,脯
ege,脯
efke,膨
efk,膨
eywy,腋
eniy,脲
eni,脲
eet,肜
efhm,虢
ermg,鹞
ecag,胫
eujn,臆
euj,臆
eetk,貉
eca,胫
ejh,刖
efmf,腩
efm,腩
eeft,豺
eef,豺
egk,膈
egkh,膈
evfp,腱
egt,豕
egty,豕
egef,膊
epfq,脘
eldy,胭
eld,胭
ehn,鼐
ehnn,鼐
epf,脘
eylg,膻
eyl,膻
eer,豸
eead,貘
eea,貘
etkg,胳
etk,胳
ewet,胗
ewgj,腧
ewe,胗
ekkn,腭
eews,貅
eew,貅
ekk,腭
eetx,貔
edjd,腓
edcy,肱
edc,肱
efn,肟
efnn,肟
eudf,塍
erc,胍
eymn,肮
eym,肮
ercy,胍
ewfc,脍
ewf,脍
eprw,膑
egeg,腈
epr,膑
evw,腴
evwy,腴
eiqn,胱
eiq,胱
ehnt,胪
emgk,胴
emg,胴
ermi,繇
efjh,肼
efj,肼
eyn,肪
eedj,貊
eed,貊
eem,豳
eemk,豳
eoqh,膦
eoq,膦
elh,胛
eyx,臃
eyxy,臃
eudv,媵
eqkg,朐
eoy,脒
egwy,雎
egw,雎
eqk,朐
edmd,腼
ebb,郛
ebbh,郛
eeb,脬
eebg,脬
egbn,肫
egb,肫
ehh,胩
efqn,朊
eupk,膪
eqa,胝
ett,彡
ettt,彡
efq,朊
ehhy,胩
eqay,胝
epwf,膣
emwy,肭
emw,肭
ejlg,腽
ejl,腽
eqs,脎
efkc,臌
eqsy,脎
eww,脞
euah,胼
eai,胨
eaiy,胨
ewwf,脞
eua,胼
edw,腠
edwd,腠
eynw,胲
eth,胙
ethf,胙
ejhh,胂
eyu,臁
eyuo,臁
epfi,腙
eeo,燹
eeou,燹
eqwy,肷
eqw,肷
ecla,戤
ekm,脶
ekmw,脶
f,地
ffff,垚
ffff,土
ftjb,都
fcu,去
fb,地
fbn,地
fcbh,却
fcb,却
fp,过
fqb,元
fpi,过
ft,才
fte,才
fhw,真
fhwu,真
ftjf,者
ftj,者
fhu,走
ftxb,老
ftx,老
fg,二
fgg,二
fq,无
fqv,无
fhn,起
fhnv,起
fj,进
fjpk,进
fjp,进
fha,越
fhat,越
fnud,卖
fggh,干
fcu,云
fii,未
fgh,十
fdnt,城
fnwy,块
fc,支
fcu,支
fdn,城
fnw,块
fv,雪
fvf,雪
fd,城
fhvk,超
fghy,雨
fhq,赵
fhqi,赵
fhv,超
fmuf,南
fqpv,远
fqp,远
fmu,南
fm,南
fnrt,场
fiyi,求
fiy,求
fqug,均
fqu,均
ftbt,教
fjfh,韩
flf,雷
fnr,声
fcln,动
fcl,动
fhlf,盐
fhl,盐
fhf,直
ffi,款
ffiw,款
fh,直
fje,朝
fjeg,朝
ftg,考
ftgn,考
fffy,封
fgef,博
fge,博
fcp,运
fkuk,喜
fku,喜
fcpi,运
fdmj,需
fdm,需
fiyt,救
fw,夫
fwf,替
fwfj,替
fwi,夫
fawk,塔
fgi,坏
fgiy,坏
fhfk,赶
fkf,吉
fk,吉
fwyc,零
falw,戴
fnu,志
fn,志
fkhk,露
ffuk,墙
fdfe,震
fulj,增
fdf,震
ftjo,煮
fu,增
ful,增
fcr,魂
fny,专
fnyi,专
fkuk,嘉
fkeu,袁
fke,袁
fghg,士
ffu,寺
ff,寺
fcrc,魂
fal,载
fa,载
falk,载
fhwe,趁
fjk,井
fnv,亏
fkue,彭
fhh,赴
fhhi,赴
fpx,索
fpxi,索
fghy,寸
fym,坑
fymn,坑
fou,赤
fo,赤
ffhw,填
ffh,填
fnh,韦
fshf,霜
fsh,霜
fs,霜
fnhk,韦
fhc,坡
fhcy,坡
fmk,击
fwyf,霍
fcln,劫
fofo,赫
fof,赫
ftbf,孝
faf,霸
fafe,霸
fft,堵
fftj,堵
ftb,孝
fnm,馨
fnmj,馨
ftl,雾
ftlb,雾
fuf,幸
fufj,幸
fwy,堆
fwyg,堆
fyn,坊
fnhc,霞
fkuc,鼓
ffc,坛
ffcy,坛
fpmb,壳
fpm,壳
fctd,埃
fujq,境
fyvk,塘
fyv,塘
fobh,郝
fob,郝
fmud,献
fjtn,乾
fjt,乾
fjhh,坤
fjfg,埋
fuj,境
fjf,埋
fct,埃
ffhy,卦
fakd,哉
fak,哉
fpg,壹
fpgu,壹
fakg,域
fqw,坎
fqwy,坎
fhwm,颠
fl,协
fwmq,规
fwm,规
fas,栽
fasi,栽
flw,协
fukg,培
flwy,协
fuk,培
fyu,雯
fhik,趟
fhi,趟
fpo,壶
fpog,壶
fss,霖
fssu,霖
fy,坟
fyy,坟
fawy,截
faw,截
fgu,坪
fguh,坪
fmy,坝
fjng,塌
fjn,塌
fief,霄
fie,霄
fhbc,趣
fhb,趣
fad,堪
fadn,堪
fjgg,坦
fjg,坦
fiu,示
fi,示
faye,裁
fay,裁
ftxu,霉
fnku,霹
fnk,霹
fff,圭
fjw,翰
fjwn,翰
fue,丧
fueu,丧
fybt,墩
fpbl,勃
fpb,勃
fhg,址
fyb,墩
fhqv,趋
fjgh,堤
fcnd,翅
fcn,翅
fjh,刊
fnhp,违
fiye,裘
fpgn,懿
fdfn,垮
fkfk,喆
fjat,戟
fja,戟
fpxn,坨
faj,卉
fnhy,韧
fgjg,垣
fwnf,埠
fwn,埠
fqng,坞
fvqb,霓
fvq,霓
ftfp,霆
ftf,霆
frcy,坂
frc,坂
fnhv,韬
fhag,墟
fgf,圩
fgfh,圩
fajv,堰
fyjj,霁
fyj,霁
fdjd,霏
fqd,顽
fqdm,顽
fgey,埔
foty,赦
fot,赦
fkuo,熹
fxln,坳
fgig,坯
fxl,坳
fmsy,垛
fr,垢
frg,垢
frgk,垢
fms,垛
fnmd,磬
feyy,圾
fey,圾
fe,圾
fdri,塬
fdr,塬
fug,垃
fqk,堍
fqky,堍
fjj,亓
fkd,颉
fkdm,颉
fkh,圳
famu,贲
fam,贲
fnih,墀
fni,墀
fype,壕
fyp,壕
fyke,壤
fyk,壤
fiyp,逑
frh,圻
fgog,垭
fgo,垭
fulk,啬
fwfl,辇
fyjn,霭
fyvh,墉
fvey,垠
fve,垠
fnmm,罄
fjq,埸
fjqr,埸
ftxj,耆
fsk,坷
fskg,坷
fhfh,矗
fviy,埭
fvi,埭
fkmy,埙
fdlb,雳
ffnb,雩
fryy,坼
fry,坼
fpbf,孛
fhit,埗
fnn,圮
fgjq,埂
fgj,埂
fig,霈
figh,霈
fnhl,韫
feef,霾
fpl,毂
fplc,毂
fmyg,坍
fqkn,鼋
fofj,赭
fwfp,逵
fqn,雹
ftnn,圪
ftn,圪
fqnb,雹
ffnu,恚
fkgg,埕
fkg,埕
fyt,圹
fmg,垌
fmgk,垌
fjwf,斡
fnx,坭
fnxn,坭
fuv,霎
fuvf,霎
fae,霰
faet,霰
fief,霪
fqay,坻
fqa,坻
fpfq,垸
fpf,垸
fhnt,垆
fum,墒
fumk,墒
ftxn,耄
fpmn,悫
fotj,螫
ftjn,翥
fkuh,瞽
fwyn,埝
fjfy,埘
ftm,垧
fclf,盍
fhnh,赳
fly,塄
flyn,塄
ftmk,垧
fkkb,酃
fkk,酃
fdmy,顸
fbh,邗
fnn,圯
fobc,赧
fww,赍
fwwm,赍
fefy,埒
fsfg,堙
fsf,堙
fef,埒
ffhg,埴
fan,堞
fans,堞
fhgj,趔
fynw,垓
fhe,趄
fheg,趄
fee,堋
feeg,堋
fkun,甏
fybh,垴
ftxf,耋
ffn,圬
fhk,亍
ffnn,圬
frt,埤
fjlc,墁
fjl,墁
fpgc,彀
frtf,埤
fvph,埽
fit,嫠
fvp,埽
fafg,坩
fitv,嫠
fjgq,觏
fnuq,觌
fkmw,埚
fkuf,鼙
fkuk,囍
fclv,攰
fnbm,堀
fnmy,謦
fwwo,麴
fxg,坶
fxgu,坶
fdx,垅
fdxn,垅
fkm,埚
fmnn,垲
fthp,埏
fth,埏
fmn,垲
fpgc,觳
fwnd,堠
fiv,墚
fivs,墚
fdj,埯
fdjn,埯
fgc,垤
fdl,坜
fdln,坜
fhkg,坫
fgcf,垤
fjgp,遘
fhtm,趱
fht,趱
fpbg,鹁
fhuw,趑
fgkh,塥
fgk,塥
fdmm,颥
g,一
gggg,王
gii,不
gi,不
gn,与
gngd,与
gng,与
go,来
gc,到
gcfj,到
goi,来
gip,还
gipi,还
ggl,一
ggll,一
ghi,下
gh,下
gmf,再
gmfd,再
gjq,更
gjqi,更
gfk,于
gf,于
gd,天
gdi,天
ggg,王
ga,开
gak,开
gcff,至
gkph,带
gcf,至
gkp,带
gfq,玩
gfqn,玩
ghd,正
gqx,死
gqxb,死
gmww,两
gg,五
ggh,五
gghg,五
gajf,型
gkv,事
gkvh,事
gk,事
gfiy,球
gfi,球
gu,平
guh,平
guhk,平
gaj,弄
gm,现
gmqn,现
gmq,现
geu,表
ge,表
gy,玉
gyi,玉
gyt,班
gef,青
gytg,班
gl,画
glb,画
glbj,画
gmap,遭
gahd,武
gkih,整
gogd,亚
gxgu,毒
gah,武
gog,亚
geq,静
geqh,静
gj,理
gjfg,理
gjf,理
gkf,吾
gxiu,素
gxi,素
goi,灭
gcft,致
gmaj,曹
gogn,恶
gma,曹
gkl,副
gklp,逼
gklj,副
gtu,麦
gqjh,列
gqj,列
gq,列
gae,形
ggiy,环
gny,瓦
gmy,丽
griy,珠
gs,末
gsi,末
gnyn,瓦
gr,珠
gri,珠
gmyy,丽
gaet,形
ggi,环
gss,琳
gssy,琳
gmd,瑞
gmdj,瑞
god,严
godr,严
ggw,琴
ggwn,琴
gku,豆
gqt,歼
gkuf,豆
gcg,玛
gqtf,歼
gjh,惠
gjhn,惠
gkip,速
gmij,刺
gmi,刺
gvhv,妻
gv,妻
gvh,妻
ght,政
ghty,政
gik,否
gikf,否
gwet,珍
gwe,珍
gw,珍
gkim,赖
gxg,互
gygg,斑
gyg,斑
gxgd,互
gx,互
guwi,夹
guw,夹
gqgt,残
gqg,残
gbnm,顿
gwy,玲
gwyc,玲
grd,碧
grdf,碧
germ,瑶
ger,瑶
gig,歪
gigh,歪
gogj,晋
gqjo,烈
gqto,熬
gadw,琪
gad,琪
gemq,靓
gem,靓
gajh,刑
gyiy,琼
gmwi,丙
gmw,丙
gkup,逗
gabh,邢
gab,邢
gkm,融
gqje,裂
gkmj,融
gbnv,屯
gbn,屯
gb,屯
ghg,焉
ghgo,焉
gdk,吞
gdkf,吞
gds,琦
gdsk,琦
gmm,珊
gmmg,珊
gmu,责
gki,束
gkii,束
gxwi,夷
gxw,夷
gwg,瑜
gwgj,瑜
geht,敷
gmiu,枣
gkh,囊
gkhe,囊
gqtr,殇
gqy,玖
gqyy,玖
ggn,瑟
ggnt,瑟
gehy,甫
geh,甫
gfn,玮
gkhk,璐
gakg,瑾
gfnh,玮
gyth,璇
gvtk,珺
gqty,敖
gty,玫
gt,玫
gskg,珂
gsk,珂
gie,甭
giej,甭
gcft,臻
gybc,璃
gyb,璃
gam,瑛
gamd,瑛
gkq,吏
gkqi,吏
glf,盏
gqri,殊
gqr,殊
gqi,歹
gpws,琛
gpw,琛
giv,孬
givb,孬
gdj,蚕
gdju,蚕
gtk,珞
gtkg,珞
ggyy,珏
ggy,珏
gogy,璞
gyv,琅
grg,珀
gyve,琅
glk,珈
glkg,珈
gnan,珉
gna,珉
gkk,卅
gkij,剌
goo,琰
gooy,琰
gdx,珑
gdxn,珑
ghc,玻
ghcy,玻
guj,璋
gujh,璋
gim,琐
gimy,琐
ghn,丐
ghnv,丐
gyc,琉
gycq,琉
glii,柬
gjxx,琨
gjx,琨
gli,柬
gigf,丕
gqtg,鳌
grq,瑰
grqc,瑰
gamw,璜
guwm,颊
ghgb,鄢
glp,琏
glpy,琏
gqv,兀
gpqb,琬
gpq,琬
gmii,棘
gqtd,獒
geyy,琢
gey,琢
gqm,殃
gqmd,殃
gqfh,殖
gqf,殖
gtf,珩
gtfh,珩
gkkk,噩
gmyb,郦
gnhc,瑕
gnh,瑕
gqq,殉
gqqj,殉
gkit,敕
gqck,殆
gqc,殆
gqmc,殁
gcfb,郅
gjgf,亘
gjg,亘
ghqo,璨
ghq,璨
gvt,瑙
gvtq,瑙
gmmv,璎
gpf,琮
gpfi,琮
gfp,迂
gfpk,迂
goga,戬
gqk,殒
gqkm,殒
gqp,殡
gqpw,殡
gqtm,赘
gkhs,橐
gjgh,芈
gfl,盂
gflf,盂
gha,琥
gham,琥
gyy,玟
gmwy,璀
gngw,欤
gqtj,螯
gkhj,蠹
gmn,玑
gbg,珥
gefc,瑗
gtfm,瓒
gyvk,瑭
gqwi,殓
gqw,殓
gplh,珲
gpl,珲
gmyg,鹂
gdn,忝
gdnu,忝
geph,靛
gfc,珐
gfcy,珐
gep,靛
gepc,瑷
gndg,琚
gnd,琚
ggxx,琵
ggx,琵
gway,玳
gwa,玳
gomu,赉
gom,赉
gkuc,豉
gyxy,玹
gqtc,骜
gjhg,瑁
gqb,殛
gqbg,殛
gdeg,瑚
gde,瑚
gqtp,遨
gquf,殚
gsh,玎
gxfi,纛
gxf,纛
gdm,顼
gdmy,顼
gqu,殚
gwvn,玢
gqwe,殄
ghnu,忑
gwv,玢
ghk,玷
ggc,琶
ggcb,琶
ghae,璩
ghkg,玷
gigb,邳
gqtq,鏊
gtl,璁
gtln,璁
gqji,虺
gehp,逋
gqfw,麸
gkmh,鬲
gkmn,翮
gqeg,殂
gmwb,邴
gqe,殂
gaw,珙
gawy,珙
guwb,郏
giq,珧
giqn,珧
gogf,垩
gqwe,餮
gahg,鹉
gkub,豌
gtrt,珴
gtjh,琍
gisv,嫑
gjfk,軎
gwu,兲
gjk,丌
gahb,琊
gdth,瓑
gkjg,亜
gmnu,恵
gqdq,殑
gjff,墼
gggt,戋
gqfu,殪
gmyp,逦
gkua,豇
gqtb,聱
gqeb,殍
h,上
hhhh,目
hhg,上
hhgg,上
hko,点
hkou,点
hxn,此
hxff,些
hxf,些
hx,此
hhu,卡
hk,占
hkf,占
hka,战
hkat,战
ht,睡
htgf,睡
htg,睡
hv,眼
hve,眼
hvey,眼
hxx,紫
hxxi,紫
hci,皮
hc,皮
ha,虎
ham,虎
hamv,虎
hjg,旧
hj,旧
hicy,叔
hic,叔
hi,步
hir,步
hef,肯
he,肯
hw,具
hwu,具
haog,虚
hao,虚
hn,卢
hne,卢
hjj,卓
hp,瞎
hpd,瞎
hpdk,瞎
hhh,止
hhhg,止
hh,止
hwyo,瞧
hwy,瞧
hjs,桌
hjsu,桌
hwvn,盼
hndn,鼎
hnd,鼎
hwv,盼
hhy,卜
hxs,柴
hxsu,柴
hagw,瞒
hm,贞
hmu,贞
hame,彪
hidm,频
hid,频
hqce,餐
hqc,餐
hq,餐
hpgh,睿
haag,虐
haa,虐
huj,瞳
hwbh,龊
hujf,瞳
hu,瞳
hcd,颇
hcdm,颇
hwbc,龄
hwb,齿
hwbj,齿
hak,虞
hakd,虞
huxt,睇
hnan,眠
hna,眠
hwg,瞪
hwgu,瞪
hich,督
hsh,盯
hal,瞄
halg,瞄
hs,盯
hto,瞅
htoy,瞅
hqvh,睁
hqv,睁
hgmg,凸
ho,眯
hgm,凸
hoy,眯
hlqi,卤
hlq,卤
hl,卤
hgeg,睛
hge,睛
hg,睛
heph,瞬
hep,瞬
hft,睹
hftj,睹
hcrh,眸
hcr,眸
hhwy,瞿
han,虑
htpy,眨
htp,眨
hani,虑
hqdy,瞻
hqd,瞻
hxwy,雌
hxw,雌
hesy,睬
hes,睬
hy,眩
hyx,眩
hyxy,眩
hfcy,歧
hfc,歧
halv,虏
hsf,瞟
hsfi,瞟
hfwf,睦
hfw,睦
hf,睦
hndm,颅
hidf,颦
hpgf,壑
hpg,壑
hagg,眶
hag,眶
hpju,瞑
hpj,瞑
hay,虔
hayi,虔
hgb,盹
hgbn,盹
hgo,睐
hxdf,砦
hxd,砦
hiq,眺
hgoy,睐
hiqn,眺
hwyg,睢
hgv,睫
hgvh,睫
hwbf,龌
hqco,粲
hhxn,眦
hhx,眦
haoq,觑
hxyf,訾
hxy,訾
hwby,龋
hwgd,睽
hwgi,睑
haep,遽
hae,遽
hnbt,瞰
hwbx,龇
hnb,瞰
hnty,瞩
hnt,瞩
hvqn,睨
hvq,睨
hxq,觜
hxqe,觜
hd,睚
hdf,睚
hdff,睚
hwbe,龈
hlqa,鹾
hfcl,瞌
hitt,眇
hit,眇
hwbn,龅
hgfh,盱
hgf,盱
hkn,乩
hhw,矍
hhwc,矍
hknn,乩
hrtf,睥
hxm,赀
hxmu,赀
hr,睥
hrt,睥
hff,眭
hffg,眭
hip,瞠
hipf,瞠
hpqn,眈
hghn,眄
hgh,眄
hpq,眈
hcwt,睃
hcw,睃
hpgc,叡
hckg,眙
hck,眙
hhl,丨
hav,虍
hwbg,龃
hcu,攴
hjqb,児
hlqt,鹹
hnu,忐
hykh,瞓
hhll,丨
hnq,鸬
hnqg,鸬
hln,卣
hlnf,卣
hkmq,觇
hkm,觇
hwbx,龀
hwbk,龆
hwbk,龉
hqqy,眵
hqq,眵
hvh,瞍
hvhc,瞍
hoq,瞵
hoqh,瞵
haqy,眍
haq,眍
hhwn,氍
i,不
iiii,水
ihty,小
ih,小
iht,小
imc,没
im,没
imcy,没
iv,当
ivf,当
ii,水
iii,水
it,少
itr,少
ipb,学
if,法
ifc,法
ifcy,法
ip,学
ipbf,学
ium,滴
iumd,滴
itxu,海
itx,海
iq,光
iqb,光
isgg,酒
iagw,满
ire,派
irey,派
ithf,省
ige,清
ith,省
igeg,清
ipkh,常
itdg,活
itd,活
img,油
ifh,汗
ipw,深
ipws,深
inrt,汤
ix,涨
ixt,涨
ixty,涨
iyc,流
iycq,流
iag,江
inr,汤
ia,江
ipg,演
ipgw,演
iytb,游
ihcy,波
ipqn,沈
ipq,沈
ijxx,混
ijx,混
iitt,沙
iit,沙
ihc,波
isk,河
iskg,河
ivws,梁
ivw,梁
ick,治
ickg,治
ideg,湖
ide,湖
ipk,党
ipkf,堂
ipkq,党
ipmq,觉
itk,洛
itfq,洗
itf,洗
ihg,泪
ijlg,温
ijl,温
itkg,洛
iy,注
iyg,注
iygg,注
icy,汉
ic,汉
iuce,滚
iuc,滚
iqn,泡
imgk,洞
imkf,尚
iqnn,泡
idr,源
iawn,港
idri,源
icfh,泽
iw,兴
iwu,兴
ief,肖
ie,肖
iak,灌
iaky,灌
icf,泽
iet,淫
ietf,淫
itol,潘
iud,洋
iu,洋
iudh,洋
iyv,浪
iyve,浪
igg,汪
ig,汪
iawy,洪
iaw,洪
iyox,湾
iyt,洲
iyth,洲
iyo,湾
iwfh,举
iwf,举
inx,泥
inxn,泥
iff,尘
ipmn,沉
ipm,沉
iqpl,辉
iqcy,沟
itfk,浩
iqc,沟
iex,溪
iugg,润
iqpv,逃
iqp,逃
ipkr,掌
imj,测
imjh,测
ifje,潮
ifj,潮
iexd,溪
iwt,涂
iwty,涂
iya,渡
ian,汇
ib,池
ibn,池
iyac,渡
igd,添
ifkg,洁
iaqg,鸿
ijog,湿
ijo,湿
ishg,湘
iooy,淡
ioo,淡
io,淡
imkg,沿
imk,沿
ipkm,赏
igt,浅
igdn,添
ifk,洁
iyw,液
iywy,液
ibi,涵
ibib,涵
idt,涛
idtf,涛
iieg,消
iie,消
ivfh,津
ivg,汝
iqv,兆
iqny,耀
ipe,浓
ipey,浓
ipf,尝
ime,滑
iynt,沪
iyn,沪
imeg,滑
ipfc,尝
id,尖
idf,涯
idff,涯
idu,尖
ifh,汁
ihcv,婆
ivs,染
ivsu,染
itmd,澳
itm,澳
inro,烫
infy,漏
ilrh,渐
ieb,浮
ilr,渐
il,渐
ijlc,漫
ijfg,涅
ihkg,沾
ihk,沾
iyj,济
iyjh,济
iebg,浮
isfi,漂
ifw,潜
ifwj,潜
iqr,淘
iqrm,淘
isf,漂
igey,浦
isy,沐
itdy,沃
is,洒
isg,洒
iqyl,溜
ice,涌
iceh,涌
isjh,潭
isj,潭
iryt,激
iry,激
iswi,漆
iugi,澜
inty,泼
isw,漆
iwgj,渝
ir,泊
isjg,渣
iss,淋
issy,淋
ito,渊
itoh,渊
iejh,削
iej,削
irg,泊
in,沁
iny,沁
ipr,滨
iprw,滨
iyct,澈
itp,泛
iux,滋
iuxx,滋
iann,泄
itpy,泛
igs,沫
iatq,浇
iat,浇
iqgg,渔
ihit,涉
ihi,涉
igsy,沫
irn,汽
irnn,汽
icwy,滩
icw,滩
iqy,汐
iwgu,澄
ihic,淑
iavj,潇
ik,澡
ikk,澡
ikks,澡
ivy,涩
ivyh,涩
iww,浴
iwwk,浴
igk,滞
imgt,溅
iwyf,雀
ifn,污
ifnn,污
igkh,滞
ish,汀
ipgg,泻
ijq,渴
ijqn,渴
iwyf,誉
iyb,淳
iybg,淳
ivpc,浸
ivp,浸
iasu,柒
ias,柒
ians,渠
iajd,漠
iaj,漠
iadn,湛
iad,湛
irrh,浙
irr,浙
iqtk,漪
ipke,裳
iiiu,淼
ijt,滥
ijtl,滥
iplh,浑
ipks,棠
ijy,浊
ij,浊
ipl,浑
iuwl,溢
iuw,溢
iug,泣
ipwk,溶
iwyg,淮
iwy,淮
ifhw,滇
iha,滤
iyni,泳
iujg,涧
ihan,滤
inm,涮
inmj,涮
iadw,淇
idj,淹
idjn,淹
iim,淌
iimk,淌
ixc,泓
ixcy,泓
itl,劣
itlb,劣
ijai,瀑
ija,瀑
igmh,沛
ifqn,沅
ifq,沅
iwyc,泠
idg,沽
iugi,漾
iwef,脊
idhh,沣
iyy,汶
idh,沣
ifjn,瀚
icde,渗
icd,渗
iwb,沧
iwbn,沧
iwe,脊
igkm,濑
iitg,鲨
igmy,渍
igm,渍
iepd,逍
iep,逍
iffg,洼
iub,溯
iube,溯
ihit,渺
ilpy,涟
ilp,涟
ikmw,涡
ikm,涡
ixjh,沸
ixj,沸
ivkg,沼
ivk,沼
ijym,灏
ikh,溃
ikhm,溃
ipju,溟
icwt,浚
igkw,漱
imkt,敞
ifke,澎
ievg,滔
iev,滔
igef,溥
ina,泯
inan,泯
iyny,瀛
iywu,淤
its,涤
itsy,涤
ixuu,溺
ixu,溺
iwgk,洽
iwg,洽
ivwo,粱
irh,沂
inhg,湄
inh,湄
ilg,泗
iav,沏
iavn,沏
iybc,漓
ipfq,浣
iuj,漳
iujh,漳
icag,泾
ica,泾
ift,渚
iftj,渚
imh,汕
irgw,浜
iyu,濂
iyuo,濂
iuxt,涕
iapy,滢
ile,渭
ileg,渭
iwxn,沦
iwx,沦
iwoy,濮
iwo,濮
idl,沥
idln,沥
ihim,濒
ihn,泸
ihnt,泸
iriy,洙
iri,洙
inwy,濯
inw,濯
iwvn,汾
iwv,汾
ipgh,淀
ipgg,渲
infh,汛
inf,汛
ieyy,汲
iey,汲
idxn,泷
idx,泷
idhc,滟
iapl,涝
iap,涝
ipx,沱
iyth,漩
iyjh,浏
itrt,涐
iqjg,洵
iqj,洵
ipxn,沱
ikhk,潞
iywf,淬
iqmd,涣
ithd,溴
iqm,涣
ikeg,涓
ike,涓
ifdj,濡
ifnd,渎
ijf,沓
ifd,濡
iype,濠
iyp,濠
iujf,潼
ithp,涎
iqg,淦
iqdy,澹
idy,汰
idyy,汰
ifkf,澍
iuf,泮
iufh,泮
iyxy,泫
iyx,泫
isrh,淅
isr,淅
intt,泌
int,泌
ingf,渥
ing,渥
igmj,漕
igbn,沌
igb,沌
iswc,淞
ieg,沮
iegg,沮
ifp,渤
ifpl,渤
igq,洌
igqj,洌
ijg,汨
ipfi,淙
isfg,湮
idw,溱
idwt,溱
ixw,潍
ixwy,潍
ibk,凼
iitv,娑
imau,澧
ima,澧
idui,潦
ibg,洱
iytf,浒
iqdh,浠
ipwk,滘
iqtj,潴
iynx,漉
imdy,泱
iwgt,潋
ihjh,淖
ibwt,滁
ibw,滁
iaqy,沤
iaq,沤
ihj,淖
ivfy,浔
iukg,涪
iuk,涪
imdj,湍
imd,湍
igj,洹
igjg,洹
irgg,湟
ildy,洇
icyy,汊
ild,涸
ildg,涸
iyos,滦
iite,裟
iyl,沩
iyvk,溏
iyly,沩
ifae,灞
ifa,灞
iycq,鎏
inbb,潺
itnn,汔
ilkg,洄
ilk,洄
ijg,汩
itn,汔
iiqn,洮
iiq,洮
iqi,泺
iqiy,泺
ivi,渌
itoy,湫
iviy,渌
ivlg,淄
ivl,淄
iylg,澶
ipsh,泞
ips,泞
idi,尜
idiu,尜
ieyy,涿
igo,涞
igoy,涞
iyhy,汴
iyh,汴
iapi,潆
ikhy,浞
iqbh,汹
iam,潢
imw,涔
igki,涑
imwn,涔
iamw,潢
ipuh,滓
ipu,滓
iwga,瀹
iqde,淆
igh,沔
ipa,黉
ighn,沔
iup,滂
iupy,滂
iqd,淆
ipaw,黉
ivcq,溉
ivc,溉
iwfc,浍
irdf,湃
ird,湃
isyy,沭
ihq,瀣
ihqg,瀣
inn,汜
ithg,洎
ilwy,泅
iitr,挲
iecn,淝
iec,淝
ilw,泅
iuej,湔
iue,湔
iwqu,滏
iwq,滏
igkg,浯
ipqg,鲎
ibl,泐
ibln,泐
ilfh,涠
ilf,涠
issy,溧
itt,滗
ittn,滗
iagn,懑
ivhc,溲
ivh,溲
imkn,氅
ithj,濞
iaet,潵
iadr,澌
ivkg,洳
ilx,漯
ilxi,漯
iym,沆
iymn,沆
iptk,喾
iley,溷
ipt,喾
ihm,浈
ihmy,浈
iolw,瀵
iol,瀵
iada,漭
iwtc,溆
igu,浃
iguw,浃
ikj,渑
ikjn,渑
ilgj,淠
idmd,湎
idm,湎
iaf,泔
ideg,洧
iafg,泔
iphq,覚
ipi,泶
ipj,渖
ipjh,渖
ians,渫
ipiu,泶
ijxt,洩
ihw,濉
ihwy,濉
iyyg,氵
iiiu,尛
itb,沲
itbn,沲
iti,潲
itie,潲
inyy,沢
iyu,尐
iynd,涙
idy,汏
iqt,泖
iqtb,泖
isse,潸
iqkq,浼
iqk,浼
iwvl,湓
itdq,鋈
ibcc,滠
ipnn,涫
ijng,溻
ibc,滠
ipn,涫
ijn,溻
idff,溽
itlg,洫
ihah,滹
inbt,澉
inb,澉
ifcl,溘
itah,洚
ita,洚
issv,漤
ikkn,漶
iqfc,鼗
iqf,鼗
j,是
jjjj,日
jghu,是
jgh,是
jfy,时
jf,时
jfd,里
jb,最
jbc,最
jbcu,最
jh,早
jhnh,早
jhn,早
je,明
jeg,明
jvko,照
jtgf,星
jtg,星
jqr,易
jqrr,易
jmh,帅
jgmh,师
jgm,师
jmhh,帅
jplj,晕
jp,晕
jpl,晕
jg,量
jgj,量
jgjf,量
jnv,电
jn,电
jyie,影
jvg,归
jv,归
jqkq,晚
jq,晚
jqk,晚
jyi,景
jghm,题
jy,景
jfcb,野
js,果
jsi,果
jyiu,景
jfc,野
jcx,紧
jcxi,紧
jc,紧
jgeg,晴
jge,晴
jhng,曰
jpx,蛇
jpxn,蛇
juj,暗
ju,暗
jat,晓
jujg,暗
jatq,晓
jd,晨
jdf,晨
jdfe,晨
jaw,暴
jawi,暴
jty,临
jlcu,曼
jtyj,临
jlc,曼
jo,显
jog,显
jogf,显
jsg,晒
jhny,虫
jhf,冒
jcmu,贤
jcm,贤
jmhp,遇
jm,遇
jgg,旺
jhk,申
jelf,盟
jel,盟
jans,蝶
jef,暖
jefc,暖
jj,昌
jjf,昌
jsd,颗
jsdm,颗
jan,蝶
jjj,晶
jjjf,晶
jghy,虾
jqb,昂
jqbj,昂
jt,昨
jth,昨
jthf,昨
jce,肾
jcef,肾
jcf,坚
jcff,坚
jvk,昭
jvkg,昭
jag,虹
ja,虹
jx,昆
jxx,昆
jxxb,昆
jiqb,晃
jja,曝
jjai,曝
jiq,晃
ji,晃
jw,蛤
jwg,蛤
jmd,映
jgd,昊
jgdu,昊
jmdy,映
jwgk,蛤
jplh,晖
jug,曦
jhnr,畅
jtyl,监
jugt,曦
jlf,蛊
jff,蛙
jtd,蜂
jtdh,蜂
jrh,昕
jffg,蛙
jqww,歇
jqw,歇
jmhn,愚
jjq,蝎
jjqn,蝎
jgf,旦
jcu,竖
jcuf,竖
jdeg,蝴
jde,蝴
jdn,晟
jdnt,晟
jghx,匙
jtyq,鉴
jfj,旱
jajg,蜡
jaj,蜡
jpvf,晏
jpv,晏
jnw,曜
jnwy,曜
jyqy,蚁
jyq,蚁
jyiy,晾
jujf,蝉
jlxi,螺
jlx,螺
jfiy,昧
juf,昱
jfi,昧
jyy,蚊
juq,蛟
juqy,蛟
jyt,旷
jtyq,览
jk,蝇
jou,炅
jwyk,晗
jkjn,蝇
jkj,蝇
jtr,蛾
jtrt,蛾
jftj,暑
jft,暑
jegg,蛆
jada,蟒
jri,蛛
jriy,蛛
jep,暧
jepc,暧
jxe,曳
jwxf,晔
jwx,晔
jqko,煦
jpgg,暄
jpg,暄
jl,曙
jgkg,晤
jsrh,晰
jsr,晰
jrgg,蝗
jrg,蝗
jr,蝗
jlfj,曙
jgk,晤
jdh,蚌
jdhh,蚌
jqrj,剔
jqu,昀
jqug,昀
jnhc,暇
jnh,暇
jgkl,蝠
jnxn,昵
jnx,昵
jceh,蛹
jfcf,墅
jfcu,昙
jqkq,冕
jtxu,晦
jtx,晦
jiqb,晁
jqd,蟾
jqdy,蟾
jyim,颢
jtf,蚝
jqt,昴
jqtb,昴
jtfn,蚝
jnn,虬
jkmw,蜗
jkm,蜗
jmhy,禺
judb,蜷
jsrh,蜥
jyg,蛀
jygg,蛀
jtol,蟠
jagw,螨
juk,蜕
jukq,蜕
jybc,螭
jyxf,蟀
jyx,蟀
jqwp,遏
jpju,暝
jcg,蚂
jad,蜞
jadw,蜞
jtmk,晌
jtm,晌
jmqn,蚬
jmq,蚬
jyvb,螂
jyv,螂
jsu,杲
jtfp,蜓
jgc,蛭
jgcf,蛭
jrt,蜱
jrtf,蜱
jajd,蟆
jthp,蜒
jqwn,曷
jgeg,蜻
jhln,勖
jlgy,蝈
jsqq,夥
jlg,蝈
jhl,勖
jghh,韪
jdw,昃
jsq,夥
jdwu,昃
jyn,虻
jwyp,暹
jwy,暹
jnpd,遢
jnp,遢
jafg,蚶
jaf,蚶
jynn,虻
jthk,晷
jdd,蛎
jcfg,蛏
jddn,蛎
jyke,曩
jyk,曩
judk,蟮
jujh,蟑
jfdj,蠕
jaht,蚜
jkgd,蜈
jkg,蜈
jah,蚜
jyjh,蛴
jfh,旰
jyj,蛴
jwyc,蛉
jpju,螟
jpj,螟
jpqb,蜿
jpq,蜿
jdg,蛄
jwcy,蚣
jtdk,蜘
jlkg,蛔
jwc,蚣
jlk,蛔
jip,螳
jipf,螳
jov,蝼
jwj,蚧
jwjh,蚧
jyu,蠊
jovg,蝼
jyuo,蠊
jujf,曈
jape,蠓
jap,蠓
jtga,戥
jxl,蚴
jxln,蚴
jmw,蚋
jtgo,曛
jmwy,蚋
jjqr,蜴
jfm,蝻
jfmf,蝻
jxhh,蚓
jxh,蚓
jupy,螃
jdwj,蝽
jgu,蛱
jtuf,蝌
jybt,暾
jyb,暾
jup,螃
jtu,蝌
jton,蟋
jto,蟋
jguw,蛱
jjgh,蛳
jjg,蛳
jgey,晡
jak,蜮
jyna,蝙
jufh,蚪
jma,蛐
jrgg,蚯
jmfg,蚺
jmf,蚺
jmag,蛐
jdri,螈
jakg,蜮
jdr,螈
jwgd,暌
jthf,蚱
jfke,蟛
jvb,旯
jthn,螅
jtjt,蝮
jieg,蛸
jie,蛸
jhh,刂
jusg,蝤
jus,蝤
jtnn,虼
jtn,虼
jskg,蚵
jsk,蚵
jfaq,暁
jalt,蠛
jal,蠛
jdwt,螓
jdff,蝰
jqje,蟓
jqj,蟓
jmn,虮
jeb,蜉
jmfk,蜩
jebg,蜉
jjs,蜾
jjsy,蜾
jbl,蜢
jblg,蜢
jgjn,蟪
jfwy,蚨
jfw,蚨
jam,蟥
jamw,蟥
jsf,螵
jtjh,蜊
jtj,蜊
jsfi,螵
jatq,蛲
jytb,蝣
jmg,蚰
judh,蛘
jud,蛘
jcr,蛑
jyvk,螗
jtdg,蛞
jcrh,蛑
jhhc,蠼
jawc,蠖
jxxn,蚍
jwt,蜍
jwty,蜍
japs,蝾
jwgj,蝓
jgmj,螬
judn,蜣
jvh,螋
jvhc,螋
k,中
kkkk,口
kb,啊
kbs,啊
kbsk,啊
kh,中
khk,中
kc,吧
kcn,吧
knx,呢
knxn,呢
kcg,吗
ktrt,哦
ktr,哦
kah,呀
ka,呀
kaht,呀
khv,跟
khve,跟
krug,啦
kru,啦
kgnb,号
kgn,号
kn,叫
kw,只
kwu,只
knhh,叫
knh,叫
ktnn,吃
ktn,吃
kys,嘛
ky,嘛
kyss,嘛
klj,别
kljh,别
kwg,哈
kwgk,哈
kldn,嗯
kr,听
krh,听
kaqy,哎
kaq,哎
kct,唉
kctd,唉
kht,路
khtk,路
khes,踩
klge,喂
kffg,哇
kff,哇
kvfb,哪
kvf,哪
kv,哪
kjqn,喝
kjq,喝
kyb,哼
kybh,哼
khq,跑
khqn,跑
kth,咱
ktk,咯
ktkg,咯
kthg,咱
kgd,吴
kgdu,吴
kl,另
klb,另
kf,叶
kx,哟
kxq,哟
kxqy,哟
kfh,叶
kjj,唱
kqb,兄
kjjg,唱
kdb,呃
kkc,骂
kkcf,骂
ktmd,噢
kdbn,呃
khgm,贵
kwfk,啥
khi,跳
khiq,跳
kj,虽
kju,虽
kkdu,哭
ksk,呵
kskg,呵
kthf,咋
khxe,嘴
kdgt,喊
khx,嘴
kgb,吨
kngf,喔
kq,史
kgbn,吨
kqi,史
kmy,呗
kkkf,品
klf,嘿
kkk,品
kkdk,器
klfo,嘿
kmwy,呐
kmw,呐
kkd,器
kov,喽
kfi,味
kfiy,味
khr,跌
khrw,跌
kovg,喽
kqw,吹
kqwy,吹
kthh,川
kuh,吖
kuhh,吖
ksu,呆
kgx,咦
kgxw,咦
ks,呆
khu,足
ktu,呼
ktuh,呼
kt,呼
kjf,哩
kjfg,哩
kdm,顺
kgkg,唔
kgf,呈
kg,呈
kdmy,顺
kd,顺
krr,啪
kkf,吕
kk,吕
krrg,啪
kkhn,患
khan,距
kha,距
kghy,吓
kgh,吓
khjr,踢
km,员
kmh,吊
khj,踢
kmu,员
kynw,咳
kmhj,吊
kgqj,咧
ki,吵
kit,吵
kgq,咧
kfg,吐
kitt,吵
kitu,嗨
keyy,吸
key,吸
ke,吸
kwyg,唯
ktm,响
kuq,咬
ktmk,响
kqng,呜
kuqy,咬
khnu,忠
khn,忠
kfam,喷
kfa,喷
kdpy,哒
kdp,哒
kbnn,吼
kbn,吼
koy,咪
kqr,吻
kqrt,吻
kud,咩
kdha,嘎
kqy,鸣
kqyg,鸣
kdh,嘎
kudh,咩
kum,嘀
kumd,嘀
kaj,噶
kajn,噶
khd,跨
khdn,跨
kheg,啃
khe,啃
kxln,呦
kxl,呦
kkmb,咒
kkm,咒
kaw,哄
kawy,哄
kwyn,吟
kkhk,串
kfpi,嗦
kgi,呸
kgig,呸
khij,踏
kkh,串
kog,噗
kogy,噗
kcy,叹
khag,嘘
kngg,叼
kng,叼
kfmf,喃
kfm,喃
khqb,跪
kml,勋
kaf,嘞
kmln,勋
ksh,叮
khuj,蹭
kafl,嘞
khme,蹦
khuf,蹲
ktuy,咚
kalg,喵
kal,喵
kln,叻
khtd,跃
kvh,嗖
kvhc,嗖
kqm,唤
kqmd,唤
khgp,遗
khmj,踹
kgqt,嗷
kwgj,喻
kfkk,嘻
kfke,嘭
kfk,嘻
kelf,嚼
kel,嚼
kvi,啸
kvij,啸
kwx,哗
kwxf,哗
kyn,咏
kyni,咏
khwu,蹬
kawk,嗬
kldy,咽
kld,咽
kftb,嘟
kpff,噻
kpf,噻
kfc,吱
kfcy,吱
kadk,喏
kaqy,呕
kkfb,鄂
kwn,喉
kwnd,喉
khwy,趴
kgo,哑
kgog,哑
khw,趴
kwqq,嗲
kwq,嗲
kieg,哨
kie,哨
khgp,遣
kype,嚎
kyp,嚎
ktaw,噬
kta,噬
kmn,叽
kmdj,喘
kmd,喘
khhy,咔
kgmy,啧
kgm,啧
kad,嘶
kadr,嘶
kgkj,喇
kwy,叭
kap,唠
kapl,唠
kfo,哧
kfoy,哧
kgk,喇
kwcn,嗡
kwc,嗡
kwbn,呛
kwb,呛
kthd,嗅
kptk,喀
kpt,喀
klkg,咖
klk,咖
kihc,啵
kih,啵
kftj,嗜
kepc,嗳
kep,嗳
kdg,咕
kcb,邑
khy,卟
kwsy,咻
kws,咻
khl,盅
kham,唬
khuh,蹄
khpi,踪
kuph,啼
khp,踪
khlf,盅
ku,啼
kup,啼
kkks,噪
kiqn,咣
kiq,咣
kma,嗣
kmak,嗣
kme,嘣
kmee,嘣
kbh,叩
kfwy,嚯
khks,躁
kawk,嗒
kagg,哐
kyce,唷
kyc,唷
kgp,逞
kgpd,逞
kpgg,喧
kpg,喧
kp,喧
kbhj,嗤
kag,哐
kcwt,唆
kcw,唆
kcep,嗵
kce,嗵
kfhw,嗔
kyke,嚷
kyk,嚷
kxy,吆
krtf,啤
krt,啤
kmwj,剐
khtg,鹭
keyy,啄
kfl,鄙
kflb,鄙
kwyc,呤
kulj,噌
kwvt,咿
kul,噌
kcc,嗓
kccs,嗓
kqg,噜
kqgj,噜
kxn,叱
kym,吭
kymn,吭
kfcl,嗑
kgfh,吁
khxn,呲
khph,蹿
kpwi,嚓
kqq,哆
kqqy,哆
krc,呱
krcy,呱
kujn,噫
kpw,嚓
klh,呷
knty,嘱
knt,嘱
khhg,趾
khh,趾
kgkh,嗝
kwwf,唑
kww,唑
kvn,叨
kfpu,噎
kfp,噎
kkdk,嚣
kdy,吠
ksjg,喳
ksj,喳
khms,跺
khm,跺
kyvb,啷
kyv,啷
kegg,咀
keg,咀
kwgu,噔
kam,咂
kamh,咂
kfje,嘲
kfj,嘲
keqg,鹃
keq,鹃
koo,啖
kooy,啖
kuda,嗟
kvcb,唧
ktoy,啾
kdht,嘁
khdc,跋
kto,啾
khg,践
khaq,跷
kdyy,呔
khgt,践
khev,蹈
kxxf,哔
kdjd,啡
ktg,唾
ktgf,唾
kccc,啜
kcq,吮
kcqn,吮
kdj,啡
kdht,嗄
kgt,唛
kgty,唛
khyc,踱
khjn,蹋
knk,噼
knku,噼
kxxg,咝
kqdh,唏
kqd,唏
ktan,吒
kgmj,嘈
kyw,啐
kywf,啐
kvc,呶
kxe,喙
kxey,喙
kxx,吡
kxxn,吡
kft,哮
kftb,哮
kvcy,呶
khjs,踝
kdwt,嗪
kcr,哞
kcrh,哞
kgj,哽
kgjq,哽
khck,跆
khtf,踵
khuq,跤
kjb,嘬
kjbc,嘬
kge,哺
kgey,哺
kgkw,嗽
khhc,跛
krey,哌
kre,哌
kfq,呒
kgbh,郢
kfqn,呒
kwyc,噙
khwb,啮
khnd,踞
kans,喋
kdu,噘
kduw,噘
kbmh,咄
kbm,咄
kbcc,嗫
kbc,嗫
katq,哓
kat,哓
kve,哏
kvey,哏
kann,呓
kan,呓
ksg,哂
kqnn,咆
kqn,咆
kmmv,嘤
kmm,嘤
kfph,嚏
kwfc,哙
khae,噱
kdoy,咴
kdo,咴
kmsy,哚
kms,哚
kpgh,啶
kpe,哝
kpey,哝
khyk,踮
kdui,嘹
kkfm,颚
khyn,蹴
khdg,跖
kdjf,喱
krdf,嗥
krd,嗥
khua,蹉
kgke,囔
kqrn,唿
kxxr,喈
kdxn,咙
kkfg,鹗
khyj,跻
kdx,咙
khf,趺
khfw,趺
kujg,喑
kuj,喑
kpsh,咛
kynd,唳
kps,咛
kfwy,呋
khaj,躇
khb,蹑
khbc,蹑
kfw,呋
khed,蹊
kjh,呻
kjhh,呻
khdw,蹶
kwf,咐
kwfy,咐
kwv,吩
kwvn,吩
kgne,饕
kdl,呖
kdln,呖
kbnt,戢
khce,踊
khc,踊
kleg,喟
klfy,啭
kss,啉
kssy,啉
kle,喟
khlk,跏
khmg,跚
khey,趿
khwb,跄
kpta,咤
khoy,蹼
khxf,跸
kdf,喹
kdff,喹
khye,踉
kmf,啁
kssi,噤
kho,蹼
kmfk,啁
khcs,蹂
khpx,跎
khtk,踟
kfd,嚅
kfdj,嚅
kmbh,郧
kmb,郧
kkln,鼍
khdf,踌
kkl,鼍
kuwl,嗌
kuw,嗌
khwf,跗
kgxi,嗉
kpnm,嘧
kpn,嘧
kmqy,哕
kmq,哕
khyf,躔
kny,吣
kyg,唁
kjnb,黾
kjn,黾
khqi,跞
kyt,嗾
kytd,嗾
khqy,趵
kimy,唢
khdf,蹰
kim,唢
kmwu,呙
khtq,跣
kfbn,哋
kdag,咗
kgiy,吥
ktly,囖
kwyn,唸
kjm,喁
kjfb,嘢
khgm,蹟
kgvv,啛
kbg,吇
kafg,咁
ktqi,嚟
kysx,嚒
kyjh,哜
kyj,哜
kxhh,吲
khlj,躅
kub,嗍
kube,嗍
kudy,咲
kvcq,嘅
kvqn,唲
kmdg,啱
kbn,吔
kftj,啫
kjmy,喁
kmnk,喎
kxh,吲
ksks,槑
ksfi,嘌
ksf,嘌
krqy,啲
knm,唰
knmj,唰
knyy,呎
kfkg,咭
kwgr,嗱
kwld,嗰
kwti,喺
kqrm,啕
khga,趼
khas,蹀
khub,踯
khaw,蹒
kdwh,唪
kdw,唪
khhj,踔
khtm,躜
khya,蹁
khrm,踬
khay,躏
kuvg,唼
kuv,唼
khtp,跹
khuk,踣
kwyo,噍
kay,嚆
kayk,嚆
kran,唣
kra,唣
krrh,哳
khvp,踺
khoc,躞
khnn,跽
khtl,蹯
khff,跬
khty,踽
khvn,躐
l,国
llll,田
lpk,连
ltui,图
ltu,图
ldnu,恩
ldn,恩
lg,车
lgn,车
lgnh,车
lkd,回
ld,因
ldi,因
lk,加
lkg,加
lhng,四
lh,四
ll,男
llb,男
lfn,转
lfny,转
lgy,国
lgyi,国
lfo,黑
lfou,黑
lqu,罗
lq,罗
lpv,边
lp,边
lw,办
lwi,办
lt,力
ltn,力
lfte,团
lft,团
lu,较
luq,较
luqy,较
lhnh,甲
lll,田
lnu,思
ln,思
ldjd,罪
ldj,罪
lfqv,园
lfq,园
lksu,架
lcag,轻
lks,架
lca,轻
lwj,界
lc,轻
lwjj,界
lf,轩
lfh,轩
lud,圈
ludb,圈
lxi,累
lx,累
lxiu,累
lwxn,轮
lwx,轮
lkmi,圆
lccu,轰
lcc,轰
lfof,墨
lgm,辆
lgmw,辆
lqw,软
lqwy,软
lwg,输
lwgj,输
ltk,略
ltkg,略
lfcu,罢
lfc,罢
lkm,贺
lkmu,贺
lyjj,罚
lyj,罚
ly,罚
lef,胃
le,胃
lfnh,围
ls,困
lrh,斩
lr,斩
lfhf,置
lsi,困
lfod,默
lqyg,鸭
lqy,鸭
lkcf,驾
lkc,驾
lrj,暂
lrjf,暂
lmg,轴
lm,轴
ldd,固
lqju,蜀
lqj,蜀
lhjj,罩
lhj,罩
lkbg,辑
lkb,辑
lvn,轨
lv,轨
lftj,署
lgey,辅
luf,畔
lufh,畔
lpdk,辖
lkp,迦
lkpd,迦
lge,畏
lgeu,畏
lfon,黔
lrw,轶
lrwy,轶
ltd,轿
ltdj,轿
lgb,囤
lgbn,囤
lsh,町
lwi,囚
lnn,轧
lyc,辙
lyct,辙
lfoj,黯
lgh,罡
lghf,罡
lxx,毗
lxxn,毗
lj,辊
ljx,辊
ljxx,辊
lhng,皿
lhn,皿
lqpi,逻
lfk,辕
lfke,辕
lqp,逻
lbn,辄
lbnn,辄
lds,畸
ldsk,畸
lgey,圃
lvd,囡
lnwy,罹
lnw,罹
lwe,轸
lwet,轸
lgkl,辐
lgk,辐
lnae,辗
lna,辗
lsk,轲
lskg,轲
laag,轼
laf,羁
lafc,羁
laa,轼
ldtf,畴
ldt,畴
lded,囿
lde,囿
lpqb,畹
lpq,畹
lffg,畦
lff,畦
lrf,堑
lrff,堑
lccc,辍
lrc,畈
lrcy,畈
llg,圜
llge,圜
lgi,罘
lgiu,罘
lgj,畀
lgjj,畀
luj,疃
lujf,疃
lfom,黜
ltkg,辂
lrqf,錾
lrq,錾
lfoi,黥
lfol,黝
lfco,罴
ldf,罟
lyf,詈
lo,辚
loq,辚
loqh,辚
lwxv,囵
lyn,辘
lynx,辘
lmun,辋
lmu,辋
ldb,轭
ldbn,轭
lulj,罾
lfuf,圉
lfu,圉
lul,罾
lfok,黠
lty,畋
lky,袈
lkye,袈
llln,勰
lwet,畛
ldg,轱
lfoq,黟
lrsu,椠
lrs,椠
lkwy,轵
lwyc,囹
lwy,囹
lkw,轵
lged,圊
lhng,囗
lb,囝
lbd,囝
llv,嬲
llvl,嬲
lvy,轫
lvyy,轫
lwmv,囧
lksk,哿
lvk,轺
lvkg,轺
lfod,黩
ldjn,罨
ldwd,辏
ldw,辏
lvl,辎
lvlg,辎
lgkd,圄
lqre,囫
lqr,囫
lfmf,罱
lfm,罱
ldy,畎
lqiy,轹
lqi,轹
lhnt,轳
lfot,黢
lgcf,轾
lgc,轾
lfoe,黪
lwgg,辁
ltuh,轷
m,同
mmmm,山
mh,由
mhng,由
mqqi,网
mj,则
mjh,则
mqq,网
mw,内
mwi,内
mqu,岁
mqjh,刚
mqj,刚
mg,同
mhkg,贴
mgkd,同
mgk,同
mq,风
mfk,周
mfkd,周
mqi,风
mqb,见
mmm,山
mht,帐
mhty,帐
mtn,几
mt,几
mww,肉
mwwi,肉
mhhk,帖
mhh,帖
muv,赚
muvo,赚
ma,曲
mtd,峰
mtdh,峰
mad,曲
my,凡
myi,凡
madt,贼
mgt,贱
mnmn,凯
myd,丹
mnm,凯
mc,凤
mci,凤
mft,财
mf,财
mftt,财
mpd,迪
mp,迪
mhny,贝
me,骨
mef,骨
mftj,赌
mmgj,删
muk,赔
mty,败
mwyf,崔
mukg,赔
mwy,崔
mdf,岩
mwyc,岭
mqc,购
mqcy,购
ms,朵
msu,朵
mmqu,岚
mhr,帕
mhrg,帕
mhg,幅
mhgl,幅
mm,册
mmgd,册
mdfj,岸
mmq,岗
mmqu,岗
mjq,赐
mdff,崖
mjqr,赐
mhjh,帽
mhj,帽
mawu,典
maw,典
mulj,赠
mul,赠
mu,赠
mfd,冉
mhmy,帆
mhm,帆
mpf,崇
mta,账
mye,彤
myet,彤
mtay,账
mfky,雕
mpfi,崇
mqi,冈
mgah,赋
mga,赋
mhuf,幢
mhu,幢
mb,邮
mbh,邮
mee,崩
meef,崩
mmvf,婴
mmv,婴
mhhm,帧
mtp,贬
mdi,央
md,央
mtpy,贬
mmgd,凹
mdsk,崎
mds,崎
mcw,峻
mln,崽
mcwt,峻
mlnu,崽
mgu,峡
mguw,峡
mdo,炭
mrg,凰
mwyn,岑
mrgd,凰
mdou,炭
mn,岂
mnb,岂
mhk,巾
mwwk,峪
msjh,剁
msj,剁
mfnd,赎
mfn,赎
mrc,贩
mrcy,贩
mr,贩
maf,嵌
mafw,嵌
mfc,岐
mfcy,岐
mgn,屿
mgng,屿
mtv,巍
mtvc,巍
mcu,殳
med,髓
mymk,嵩
mym,嵩
medp,髓
mtrt,峨
mtr,峨
mff,峙
mffy,峙
mqv,峥
mqvh,峥
mckg,贻
mck,贻
mdl,盎
mgqi,夙
mgq,夙
mdlf,盎
mhtl,幡
mwfi,赊
mwf,赊
mfhm,巅
mfh,巅
mdeg,贿
mde,贿
mhfh,帏
mpg,贮
mpgg,贮
mey,骸
meyw,骸
mhf,帏
mdgt,崴
mlr,崭
ml,崭
myfg,赃
myf,赃
mlrj,崭
muyn,罔
muy,罔
mwkd,冏
mna,岷
mnan,岷
mhjc,幔
mtnn,屹
mhwy,帷
mhw,帷
mef,胄
mdfe,赈
maps,嵘
mmgk,峒
mmg,岫
mmr,罂
mswc,崧
msw,崧
mmrm,罂
mujh,嶂
muj,嶂
mtdj,峤
mnbm,崛
mmvg,鹦
mkpd,迥
mkp,迥
mhkw,帜
mhjq,幌
mem,骰
mdq,鸯
mieg,峭
mie,峭
mdqg,鸯
memc,骰
mi,峭
meqy,骶
mhl,帼
mhly,帼
mlh,岬
mmgq,兕
mepq,髋
moq,嶙
moqh,嶙
medg,骷
mcb,岜
mtk,赂
mtkg,赂
mej,髁
mejs,髁
mdmm,颛
mld,崮
mldf,崮
mep,髂
mepk,髂
mqqn,飑
mqt,峁
mqtb,峁
mhuj,幛
mnjh,剀
mnj,剀
mqdy,赡
mqd,赡
mgah,岍
mnhg,嵋
mnh,嵋
mnmq,觊
mqvc,飕
mhnf,幄
melj,髑
mtu,嵊
mtux,嵊
mel,髑
mpw,崆
mwg,嵛
meo,髅
mhgm,帻
mrqc,嵬
mrq,嵬
mqde,崤
mpwa,崆
mwgj,嵛
mwgu,嶝
meov,髅
map,崂
meqg,鹘
meq,鹘
miwe,嵴
mapl,崂
miw,嵴
maht,岈
merf,髀
mynw,赅
myn,赅
mxth,嶷
mx,嶷
mjv,岿
mjvf,岿
mxt,嶷
mah,岈
mqh,飓
mqhw,飓
mmqn,岘
mskf,岢
msk,岢
mcf,峄
mcfh,峄
mepw,髌
mnn,屺
mdm,遄
mdmp,遄
mgo,崃
mgoy,崃
mhrw,帙
mge,赙
maiu,岽
mai,岽
mgef,赙
muda,嵯
mud,嵯
mhoy,幞
mny,赆
mhhc,帔
mho,幞
mnyu,赆
myb,崞
mov,嵝
mybg,崞
mqjg,峋
movg,嵝
mhd,帱
mhdf,帱
mhgd,円
mhn,冂
moo,赕
mooy,赕
mqk,岣
mqkg,岣
mqo,飚
mqoo,飚
mtdh,峯
mtrt,峩
mwvo,嶋
meyu,岌
mkqn,贶
mkq,贶
met,骼
metk,骼
mer,骺
merk,骺
mdg,岵
mdj,崦
mdjn,崦
maq,岖
maqy,岖
muxx,嵫
mux,嵫
mqjh,刿
mewj,骱
mew,骱
msv,崾
msvg,崾
mfi,赇
mfiy,赇
n,民
nnnn,已
nywy,以
nyw,以
nnw,快
nnwy,快
nudu,买
ntc,发
ntcy,发
nyny,心
ny,心
nyn,心
ntg,性
ntgg,性
nnhy,书
nr,怕
nrg,怕
nnh,书
nui,飞
nhty,收
nh,收
nht,收
nge,情
ngeg,情
na,民
nav,民
nty,改
nt,必
nte,必
nyu,尽
nyuu,尽
ncf,怪
nnkd,局
nc,怪
nynn,忙
nnk,局
ncfg,怪
nbty,敢
nb,敢
nbt,敢
nmhj,刷
nmh,刷
nfc,层
nny,羽
nfci,层
nnyg,羽
nmd,届
nm,届
njlc,慢
nj,慢
ntky,属
njl,慢
ntk,属
nv,恨
nxx,屁
nxxv,屁
ndj,剧
ndjh,剧
nve,恨
nvey,恨
nhj,蛋
nhju,蛋
nnl,乙
nnll,乙
nd,居
natf,懂
ndd,居
nat,懂
ngk,司
nfd,丑
ngkd,司
ngcf,屋
ngc,屋
naei,展
nae,展
nxv,尼
nx,尼
nngn,己
nng,己
nlaw,翼
ngiy,怀
ngi,怀
nla,翼
ntf,尾
ntfn,尾
ng,怀
nhd,眉
noi,屎
ngjg,恒
ngj,恒
naw,殿
nawc,殿
nyiy,惊
nfu,导
nf,导
nii,尿
nua,屏
nuak,屏
ngkm,懒
nckg,怡
nck,怡
nnn,忆
nngt,尸
nn,忆
naj,异
ncd,惨
ncde,惨
nuk,悦
nukq,悦
ndn,忧
ndnn,忧
ntl,恤
nypi,迟
nyp,迟
ntlg,恤
najg,惜
nnu,忌
nk,避
nkuf,壁
nkup,避
nywf,翠
nay,慌
nayq,慌
ngkg,悟
nu,习
nud,习
nmnn,恺
nmn,恺
nbm,屈
nyi,尺
nftj,屠
nft,屠
nbmk,屈
nwyc,怜
nwy,惟
nwyg,惟
nwya,戳
nhy,疏
nhyq,疏
nwgk,恰
nkuv,劈
nfp,迅
nfpk,迅
ntxu,悔
ntx,悔
nkue,臂
novd,屡
nov,屡
no,屡
nwyf,翟
nfhw,慎
nfh,慎
nfam,愤
nfa,愤
nly,愣
nxfm,惯
nxf,惯
nnv,乜
nlyn,愣
nkuh,辟
nku,辟
nngn,巳
nfin,慰
ngd,刁
nfi,慰
ndgn,憾
nawe,臀
nhw,惧
nhwy,惧
nbtn,憨
nfif,尉
nttt,履
ntdg,恬
ntd,恬
ntt,履
nkuy,璧
nul,憎
nulj,憎
nyb,恼
nybh,恼
nyj,昼
nyjg,昼
nal,懵
nalh,懵
njy,憬
njyi,憬
nrh,忻
nied,屑
nfcy,怯
nuf,翌
njf,悍
njfh,悍
nnaw,巽
nna,巽
nhe,胥
nhef,胥
nff,恃
nffy,恃
nwgj,愉
nwg,愉
nw,愉
nrqc,愧
nrq,愧
nirh,犀
nir,犀
ndoy,恢
ni,悄
nie,悄
nieg,悄
ndo,恢
naj,羿
nhjh,悼
nvc,慨
nvcq,慨
ngh,怔
nghg,怔
nrgg,惶
ntkg,恪
niqn,恍
niq,恍
nvv,尻
nfio,熨
ntji,虱
ntj,虱
npqn,忱
npq,忱
np,忱
nyhk,惦
nyh,惦
nwea,戮
nwe,戮
nuyy,悯
nuy,悯
nl,惭
ndmh,怖
nlrh,惭
nlr,惭
ndm,怖
nsyy,怵
nbs,屙
nfpb,悖
nbsk,屙
ntay,怅
nta,怅
nsy,怵
nhfp,遐
nhf,遐
ndae,惰
nda,惰
nbc,慑
nbcc,慑
njqr,惕
njgg,怛
njg,怛
nanv,屉
nan,屉
nkhh,翀
njq,惕
nfcl,恸
nyvi,慷
njtg,惺
njt,惺
nyv,慷
nfdj,懦
ntfc,屐
nq,懈
nqe,懈
nqeh,懈
ntfh,忏
ncfh,怿
nyvh,慵
npl,恽
nplh,恽
nkk,愕
nkkn,愕
nuxt,悌
nux,悌
nmu,惘
nmun,惘
njlg,愠
ngu,怦
nguh,怦
ntfh,忤
npqb,惋
nhdd,奘
njc,悭
njcf,悭
naq,怄
naqy,怄
natn,愍
nuj,惮
nkuy,譬
ntb,悸
ntbg,悸
nujf,惮
ngki,悚
nmjh,恻
nmj,恻
nhde,爿
ntmd,懊
ntm,懊
nqrn,惚
nqr,惚
nhda,戕
nwbn,怆
nwb,怆
nqjg,恂
nag,惬
nkur,擘
nywf,悴
nykw,咫
nyk,咫
nagw,惬
nqj,恂
nfy,忖
nbb,孱
nbbb,孱
nkus,檗
nnf,忸
nnfg,忸
nmgk,恫
nmg,恫
nwyo,憔
nfq,怃
nfqn,怃
nmdj,惴
ndg,怙
nyli,懔
nyl,懔
nuvo,慊
nuv,慊
nls,悃
nkc,悒
nlsy,悃
ngx,愫
ngxi,愫
nkcn,悒
njfg,悝
nmdy,怏
nujf,憧
nvn,忉
nfuf,悻
nwc,忪
nwcy,忪
nmfk,惆
nmf,惆
nxj,怫
nxjh,怫
ntjt,愎
nkuv,嬖
nkhm,愦
nto,愀
ntoy,愀
nnx,怩
nnxn,怩
nkh,忡
nkhh,忡
nkue,襞
nth,怍
nthf,怍
nrn,忾
nrnn,忾
ndjd,悱
nudd,羼
nhi,疋
ngef,愽
nghg,恆
nnnu,惢
nyhy,忄
nkmh,屌
nyhy,忭
nthh,屣
ntov,屦
nss,憷
nssh,憷
nfcy,忮
nddy,恹
nimk,惝
nim,惝
nkun,甓
nhqg,鹛
nhq,鹛
ncwt,悛
ncw,悛
nkuq,鐾
nvkg,怊
nvk,怊
nweg,鹨
o,为
oooo,火
oyty,米
oy,米
oyt,米
odu,类
od,类
ooo,火
ovt,数
ovty,数
oldy,烟
ol,烟
old,烟
ow,粉
ogeg,精
owvn,粉
oge,精
owv,粉
op,迷
opi,迷
ogd,业
og,业
oufg,烂
osh,灯
os,灯
oit,炒
oi,炒
oyvk,糖
oyv,糖
ojai,爆
oja,爆
oitt,炒
oatq,烧
oat,烧
onrh,断
on,断
onr,断
oufh,料
ouf,料
ou,料
odmy,烦
odm,烦
oo,炎
oou,炎
oth,炸
othf,炸
oqn,炮
oqnn,炮
oq,炮
oftn,烤
oft,烤
oa,煤
oafs,煤
oaf,煤
oegg,粗
oe,粗
oeg,粗
ohkg,粘
oh,粘
ohk,粘
oawu,粪
oyve,粮
oyx,炫
oyxy,炫
oanw,炼
oyv,粮
oug,粒
ogbn,炖
oyn,炉
oynt,炉
oqvg,焰
oqv,焰
odeg,糊
ode,糊
ogmj,糟
oqmd,焕
oqm,焕
or,煌
orgg,煌
okk,燥
okks,燥
oqdo,燃
omh,灿
om,灿
ofg,灶
of,灶
ougo,糕
ovf,娄
ov,娄
ogmw,炳
ob,籽
obg,籽
ogm,炳
owxf,烨
owx,烨
oun,焖
ouny,焖
ofn,炜
ofnh,炜
oju,煜
ojug,煜
oj,烛
otkg,烙
otk,烙
ojy,烛
ojf,焊
ojfh,焊
opfi,粽
ogub,凿
ogu,凿
oqi,烁
oqiy,烁
ooou,焱
oymn,炕
oym,炕
ohj,焯
ohjh,焯
opw,熔
opwk,熔
okwy,炽
oaw,烘
okw,炽
oawy,烘
ok,炽
otf,糙
otfp,糙
oynn,煽
owfc,烩
owf,烩
omkg,炯
omk,炯
oqy,灼
oqyy,灼
olge,煨
olg,煨
oqd,烯
oan,炬
oang,炬
oqdh,烯
onrt,炀
othd,糗
othn,熄
oum,熵
oumk,熵
oyw,粹
ofdj,糯
ofd,糯
oywf,粹
odui,燎
oyvi,糠
otdh,烽
ot,烽
ogbh,邺
ogb,邺
otd,烽
ocn,粑
oyna,煸
onrg,熠
oyoc,燮
opf,烷
opfq,烷
oyo,燮
opg,煊
ouk,焙
oukg,焙
opgg,煊
ooos,燊
oqwy,炊
oqw,炊
owd,煅
owdc,煅
oyg,炷
oygg,炷
owb,炝
owbn,炝
ony,烬
onyu,烬
oue,燧
ouep,燧
org,粕
oqyl,熘
oqab,粼
ouxx,糍
oux,糍
ogk,焐
ogkg,焐
ocde,糁
ocd,糁
oojh,剡
ooj,剡
oc,烃
oca,烃
ocag,烃
ocbs,糅
ocb,糅
odeg,煳
ojtg,煋
oto,燔
otol,燔
oty,敉
owyk,焓
owy,焓
oguc,黻
oobh,郯
oob,郯
oudh,烊
oud,烊
onwy,炔
onw,炔
odg,炻
ogjq,粳
ogj,粳
oguy,黼
ovep,煺
otm,燠
otmd,燠
otuh,烀
ove,煺
otu,烀
oqa,遴
oyyy,灬
oqap,遴
ojlc,熳
ojl,熳
oyy,灬
ojsy,粿
ovg,籹
omh,籼
ogui,黹
ownd,糇
own,糇
oddn,粝
osg,粞
odd,粝
ox,糨
oxkj,糨
oxk,糨
oelf,爝
oel,爝
othj,糌
onhe,糈
onh,糈
p,这
pppp,之
puhc,被
pp,之
ppp,之
px,它
pxb,它
peu,家
pe,家
pgng,写
pb,字
pbf,字
pgn,写
pyj,神
pyjh,神
pwat,穿
pv,安
pvf,安
ptkm,额
pl,军
plj,军
pykq,祝
pyk,祝
pfq,完
pfqb,完
pg,定
pghu,定
pw,空
pwa,空
pwaf,空
pgh,定
pygl,福
pyg,福
pgyu,宝
pgy,宝
pk,宫
pkk,宫
pkkf,宫
pn,官
pnh,官
pnhn,官
pfjm,赛
pfju,寒
psu,宋
pt,客
pvsu,案
pvs,案
ptk,客
ptkf,客
pfj,寒
pgk,富
pgkl,富
puv,初
puvn,初
pudu,实
pud,实
pu,实
ps,宁
pfi,宗
pfiu,宗
psj,宁
pgc,室
pgcf,室
pymq,视
pym,视
puhy,补
pfjf,塞
puh,补
pf,守
pwl,穷
pfu,守
pwlb,穷
pgf,宇
pgfj,宇
pyf,社
pyfg,社
pww,容
pntm,密
pwwk,容
pa,宽
pam,宽
pamq,宽
pnt,密
py,社
peg,宜
pegf,宜
pynn,礼
pyeg,祖
pd,害
pdh,害
pdhk,害
pye,祖
pdc,宏
pdcu,宏
pyu,祥
pyud,祥
pfqf,冠
pwkw,窝
ptab,宅
pta,宅
pgj,宣
pei,农
pgjg,宣
pds,寄
pwt,窗
pwu,穴
pwtq,窗
pdsk,寄
pntj,蜜
pfjs,寨
pdhj,割
pdx,宠
pdxb,宠
pju,冥
pjuu,冥
pwd,突
pwdu,突
pyuf,禅
pj,审
pjh,审
pjhj,审
puvk,裙
prg,宾
pr,宾
pwy,鹤
pwyg,鹤
pyv,禄
pyvi,禄
prgw,宾
po,灾
pou,灾
pujs,裸
puyl,裤
puy,裤
pykw,祸
puw,裕
puwk,裕
pwdj,宿
puet,衫
puj,宰
pwtf,窄
pjv,宴
pjvf,宴
pue,衫
phi,寂
phic,寂
ph,寂
pqk,冤
pqky,冤
pwfd,窦
pwfi,察
prhj,牢
prh,牢
pqbb,宛
pqb,宛
pq,宛
pgm,寅
pgmw,寅
pyb,祁
ptfq,宪
ptf,宪
pybh,祁
pie,宵
pief,宵
pi,宵
pyrh,祈
pwkh,窜
pwk,窜
pyr,祈
pumg,袖
pum,袖
putd,袄
put,袄
pfqc,寇
pdfe,宸
pyaw,祺
pya,祺
pwrm,窑
pwr,窑
pwfj,罕
pynk,祠
pwf,罕
pwm,帘
pwfq,窥
pugs,袜
pug,袜
peyu,冢
pey,冢
pdev,寡
pde,寡
pyqi,祢
pyq,祢
pwmh,帘
pdhk,豁
puq,袍
pwav,窃
puqn,袍
pjm,寓
pjmy,寓
puvc,寝
puiv,裆
pufy,衬
pufj,褚
puf,衬
puvp,褪
pyfk,禧
pwvb,究
pwv,究
pwnm,窟
pwn,窟
pwan,窍
pyhm,祯
pwxb,穹
pwx,穹
pwvk,窘
pujn,褐
pyfc,祛
pus,襟
pusi,襟
pwtk,窖
pynn,祀
pdu,寮
pdui,寮
pm,宙
pmf,宙
pnhi,寐
punr,褶
pqbj,剜
plge,寰
plg,寰
paj,寞
pajd,寞
pntr,宓
pyd,祷
pydf,祷
pytf,祚
pyt,祚
pah,宦
pahh,宦
pjd,幂
pjdh,幂
puge,裱
pfjc,骞
pfjh,蹇
pdef,宥
pnw,寥
pnwe,寥
pufh,褂
pyqy,祗
punw,袂
pun,袂
pqq,鸩
pqqg,鸩
pdf,宕
pwgf,窒
pwg,窒
pwxl,窈
pwb,窿
pwbg,窿
pumw,衲
pydg,祜
pudf,褥
pyh,祉
pyhg,祉
pwjs,窠
pwj,窠
pmb,冗
puwn,衿
pujg,袒
pund,裾
puuj,裥
putf,衽
pyye,禳
pnhk,寤
pwup,邃
pur,裨
purf,裨
puuf,袢
puu,袢
pufj,襦
pucy,衩
puc,衩
puo,褛
puov,褛
plbh,郓
pwuj,窨
plb,郓
puk,裎
pukg,裎
pwiq,窕
pwi,窕
pfjr,搴
puue,褙
pulp,裢
purm,褫
pul,裢
pwgn,窀
puak,褡
pfje,褰
pua,褡
pyuo,禚
pujl,褴
pujr,裼
pydd,禊
puwd,袱
pusr,襻
pny,廴
pssu,冧
pydc,祓
pwtp,窆
pmj,冚
pdwu,実
putt,複
puwk,袷
puws,褓
pwo,窭
pwov,窭
pybn,祂
pyi,礻
pyn,冖
pyny,辶
pyy,宀
pyyn,宀
pui,衤
puqa,衹
puve,裉
pyiq,祧
pwry,窳
puya,褊
pwqu,穸
pwq,穸
pfjy,謇
pnej,甯
pne,甯
pnhp,逭
pwwj,窬
pvb,宄
puxj,襁
pucc,裰
pux,襁
puwi,裣
pygd,祆
putk,袼
plh,皲
plhc,皲
q,我
qqqq,金
qq,多
qqu,多
qtn,儿
qt,儿
qje,象
qjeu,象
qkf,名
qk,名
qgt,钱
qg,钱
qh,外
qhy,外
qtqk,狗
qtq,狗
qfhw,镇
qn,包
qnv,包
qtfj,猪
qsu,杀
qgf,鱼
qyvl,留
qaj,错
qii,乐
qi,乐
qyng,鸟
qajg,错
qkqq,够
qnrc,饭
qnr,饭
qcb,色
qc,色
qtal,猫
qiu,尔
qtye,狼
qty,狼
qr,铁
qrw,铁
qrwy,铁
qkhh,钟
qdou,然
qdo,然
qd,然
qve,银
qynm,岛
qvhj,争
qvh,争
qvey,银
qv,争
qtg,狂
qvnu,急
qvn,急
qtgg,狂
qevh,解
qtj,独
qev,解
qnp,馆
qnpn,馆
qtjy,独
qmu,负
qm,负
qgbh,印
qgb,印
qdmh,希
qdm,希
qtve,狠
qtv,狠
qej,角
qe,角
qav,氏
qa,氏
qhkg,钻
qhk,钻
qgjf,鲁
qgj,鲁
qnt,饿
qntt,饿
qyi,久
qy,久
qkd,句
qtb,犯
qtbn,犯
qng,乌
qwu,欠
qngd,乌
qw,欠
qkmw,锅
qnth,饰
qim,锁
qimy,锁
qkm,锅
qtbl,猛
qvfp,键
qtgp,逛
qkq,免
qfh,针
qf,针
qkqb,免
qtny,夕
qkqy,兔
qrm,锦
qrmh,锦
qmgk,铜
qmq,钢
qmqy,钢
qqkg,铭
qqk,铭
qnqw,饮
qbk,凶
qb,凶
qujq,镜
quj,镜
qnq,饮
qtdh,锋
qbn,怨
qbnu,怨
qkqp,逸
qre,勿
qqq,鑫
qqqf,鑫
qtd,锋
qtge,猜
qnua,饼
qnu,饼
qgud,鲜
qgu,鲜
qgey,铺
qge,铺
qevj,蟹
qbpk,迎
qbp,迎
qtw,猴
qtwd,猴
qtvb,卿
qvb,邹
qvbh,邹
qnaq,饶
qna,饶
qci,勾
qjnb,龟
qwyc,铃
qtjh,狮
qjn,龟
qlpy,链
qlp,链
qukq,锐
qjq,锡
qjqr,锡
quk,锐
qtry,狐
qtr,狐
qghn,钙
qgh,钙
qrnu,忽
qrn,忽
qvt,煞
qvto,煞
qkk,铝
qkkg,铝
qqyy,钓
qie,销
qieg,销
qqw,钦
qqwy,钦
qtdn,犹
qnqn,饱
qajf,昏
qsh,钉
qs,钉
qgqn,鲍
qgq,鲍
quh,锌
qtgf,锤
qdb,危
qdbb,危
qqc,钩
qqcy,钩
qtoy,狄
qyi,勺
qrnq,兜
qsj,刹
qsjh,刹
qtbh,卯
qdwy,詹
qdw,詹
qdtf,铸
qdt,铸
qta,猎
qnqv,馅
qtaj,猎
qvhc,皱
qmkg,铅
qmk,铅
qyt,卵
qqug,钧
qgyy,钰
qyty,卵
qejy,触
qipi,迩
qip,迩
qtyd,狱
qtfe,猿
qutt,铲
qut,铲
qu,匀
qud,匀
qnqu,馋
qmw,钠
qmwy,钠
qnjh,刨
qsf,镖
qsfi,镖
qug,镁
qugd,镁
qlh,钾
qcyy,钗
qcy,钗
qyke,镶
qyk,镶
qndg,锯
qnd,锯
qqvh,铮
qqv,铮
qivg,铛
qiv,铛
qgoh,鳞
qgo,鳞
qwy,锥
qwyg,锥
qdyy,钛
qdy,钛
qqu,爻
qld,甸
ql,甸
qnad,馍
qnj,蚀
qnjy,蚀
qsgg,钵
qten,锈
qsg,钵
qyv,贸
qyvm,贸
qnf,钮
qnfg,钮
qnm,饥
qnmn,饥
qjh,钊
qitt,钞
qit,钞
qafg,钳
qaf,钳
qkql,勉
qjd,旬
qj,旬
qigy,玺
qig,玺
qtgw,狭
qou,炙
qo,炙
qnbg,饵
qmnn,铠
qmg,铀
qyvp,遛
qths,镍
qth,镍
qahs,桀
qmn,铠
qtgf,锺
qgy,鲸
qyns,枭
qgiy,钚
qgbn,钝
qgyi,鲸
qsa,弑
qsaa,弑
qteg,狙
qtkg,铬
qtk,铬
qnnk,饲
qbqg,鸳
qbq,鸳
qblg,锰
qbl,锰
qvwy,雏
qwd,锻
qwdc,锻
qym,镐
qymk,镐
qegl,锄
qvw,雏
qngb,邬
qup,镑
qcfh,铎
qupy,镑
qtjf,狸
qjfg,锂
qjf,锂
qcf,铎
qrg,铂
qyou,灸
qya,镀
qyac,镀
qyo,灸
qqn,钨
qqng,钨
qftn,铐
qnuq,饺
qp,锭
qpg,锭
qpgh,锭
qalg,锚
qyne,袅
qal,锚
qgjf,鲤
qguq,鲛
qlq,锣
qlqy,锣
qant,钺
qayb,邸
qtcg,犸
qtfq,铣
quqf,锵
qriy,铢
qri,铢
qmdu,奂
qmd,奂
qhg,钼
qeg,钥
qgkn,鳄
qjgf,锝
qdg,钴
qlqj,镯
qntk,饷
qjxx,锟
qyuo,镰
qgjx,鲲
qjx,锟
qwwf,锉
qww,锉
qyxy,铉
qyx,铉
qytb,孵
qbsk,锕
qetr,觞
qfl,镭
qflg,镭
qnge,馕
qpxn,铊
qpx,铊
qnvc,馊
qbs,锕
qang,钜
qan,钜
qtpf,狩
qdmb,郗
qgfj,鳍
qgkh,镉
qtle,猥
qqt,铆
qqtb,铆
qeuf,斛
qtu,狡
qtuq,狡
qeu,斛
qwg,铨
qwgg,铨
qay,氐
qayi,氐
qipf,镗
qnk,馈
qnkm,馈
qpv,铵
qpvg,铵
qqb,匈
qvg,钕
quqy,铰
quq,铰
qguk,鳝
qlg,钿
qqbk,匈
quxt,锑
qux,锑
qldy,铟
qdef,肴
qde,肴
qjcf,铿
qjc,铿
qmy,钡
qmjh,铡
qmj,铡
qtfk,锆
qyvh,镛
qyey,铱
qye,铱
qtoy,锹
qto,锹
qtjg,猩
qmyy,钒
qntl,饬
qdcy,钹
qcn,钯
qft,锗
qftj,锗
qwyn,钤
qkkn,锷
qycq,铳
qyc,铳
qqcn,铯
qgl,鳃
qtlh,狎
qtl,狎
qtay,獾
qryi,匆
qry,匆
qgln,鳃
qnev,馁
qne,馁
qov,镂
qovg,镂
qqi,铄
qqiy,铄
qtyf,猝
qujg,锏
qawc,镬
qnjc,馒
qtfh,钎
qtf,钎
qxx,锴
qxxr,锴
qyno,镳
qnnw,馔
qtuj,獐
qtqh,獬
qah,舛
qahh,舛
qgjc,鳗
qgto,鳅
qgvb,鲫
qtdk,猗
qgfv,鳕
qhcy,铍
qhc,铍
qgty,稣
qgti,鲧
qdnt,铖
qdn,铖
qynm,凫
qtjj,猖
qnck,饴
qnc,饴
qjh,刈
qwye,镌
qwxf,铧
qwx,铧
qumd,镝
qum,镝
qtmy,狈
qtke,狷
qtdi,獠
qnnk,锔
qnjx,馄
qlny,锶
qln,锶
qjgg,钽
qjg,钽
qtad,狨
qkh,钏
qghn,鲈
qntt,铋
qtle,猬
qgd,鱿
qgdn,鱿
qgff,鲑
qghk,鲇
qtps,狞
qtqh,狰
qgvf,鲟
qgv,鲟
qtp,狞
qgem,鳐
quw,镒
qxk,镪
qxkj,镪
quwl,镒
qdh,锲
qdhd,锲
qei,觥
qeiq,觥
qns,馇
qnsg,馇
qrc,钣
qrcy,钣
qrq,锨
qrqw,锨
qtgm,獭
qtme,猾
qtm,猾
qdui,镣
qdu,镣
qatq,铙
qat,铙
qahb,铘
qghg,钲
qynx,鸵
qwgk,铪
qgey,匍
qwgu,镫
qtvq,猊
qdfa,锛
qdf,锛
qtuq,獍
qglp,鲢
qjb,郇
qjbh,郇
qnxn,铌
qkgg,锃
qtqn,狍
qytd,镞
qkg,锃
qnx,铌
qoy,钬
qybt,镦
qyb,镦
qtrt,锇
qtfp,铤
qpey,镓
qpe,镓
qgmk,鲷
qayg,鸱
qgm,鲷
qyve,锒
qprw,镔
qpr,镔
qnn,钇
qldg,锢
qfg,钍
qtfc,铥
qtop,逖
qdc,郄
qdcb,郄
qftx,铑
qpwi,镲
qngt,饯
qer,觚
qery,觚
qgvq,鲵
qgya,鳊
qhy,钋
qvlg,锱
qvl,锱
qvf,刍
qbg,铒
qga,鲽
qgas,鲽
qwye,飧
qugi,镧
qufh,钭
quf,钭
qtxj,狒
qtx,狒
qngn,饨
qgjn,鳎
qguw,铗
qtnf,狃
qgyh,鳙
qqyl,镏
qiq,铫
qiqn,铫
qnql,馏
qts,猹
qtsg,猹
qymh,铈
qnn,钆
qbc,镊
qbcc,镊
qet,钐
qgw,鲋
qgwf,鲋
qgyn,鲂
qtyt,犷
qggq,鲠
qgli,鳏
qevp,邂
qyd,訇
qtvn,犰
qtbi,狲
qujn,镱
qymn,钪
qnuf,馐
qnat,馓
qguf,鳟
qgoy,铼
qbh,钌
qdeg,铕
qpgw,夤
qgi,盥
qgil,盥
qgjj,鲳
qkmh,铞
qtcs,猱
qyn,钫
qgal,鳓
qgg,鲆
qgge,鲭
qun,钔
qggh,鲆
qgp,鲩
qgpq,鲩
quoj,镨
quo,镨
qsjh,镡
qjlc,镘
qjl,镘
qgk,匐
qgkl,匐
qqs,铩
qqsy,铩
qtfh,犴
qtfs,橥
qvk,铷
qvkg,铷
qrj,刎
qrjh,刎
qtxi,猕
qgfm,鲼
qnwt,馀
qgr,鳇
qgrg,鳇
qgtt,鳆
qntf,饪
qdmw,欷
qduw,镢
qnnr,饧
qnb,饣
qgwn,鲶
qgyj,鲚
qukg,锫
qtyg,狺
qkqg,鸲
qlx,镙
qlxi,镙
qyth,镟
qgcj,鳋
qgft,鲮
qgjf,鲣
qte,犭
qtgn,钅
qtjs,猓
qtn,勹
qtnh,猸
qtqy,犳
qawx,錵
qdmh,钸
qnw,馀
qoo,锬
qooy,锬
qowy,魜
qsk,钶
qskg,钶
qtct,狻
qtdw,獗
qgdc,鲅
qtlq,猡
qgmu,鳢
qttj,猁
qjsy,锞
qtt,猁
qjs,锞
qeuf,觯
qad,锘
qadk,锘
qajd,镆
qgfk,鲒
qgeg,锖
qany,铽
qobx,鬯
qob,鬯
qntd,饫
qnfb,饽
qgvl,鲻
qvp,锓
qvpc,锓
qnrn,饩
qgts,鲦
qgdd,鲱
qnhg,镅
qnh,镅
qgs,鳔
qgc,鲐
qgsi,鳔
qgck,鲐
qkln,劬
qnag,馑
qkl,劬
qtde,猢
qvhc,锼
qgnj,鲺
qgjf,鲥
qgn,鲺
qggy,鲡
qenw,觖
qen,觖
qtfv,锸
qtto,獯
qycq,锍
qgdw,鳜
qef,锊
qefy,锊
qgdj,鲕
qudb,锩
qqgj,镥
qqr,锪
qqrn,锪
qegi,觫
qqg,镥
qakg,钷
qak,钷
qwgr,镎
qbhf,眢
quga,锎
qtwc,狯
qgld,鲴
qync,鹱
qgbc,鲰
qgde,鲔
qpw,镩
qpwh,镩
qtwk,猞
qefc,锾
qtwt,狳
qtwi,猃
qyey,锿
qog,镤
qtxf,狴
qogy,镤
qxj,镄
qtcq,狁
qtc,狁
qxjm,镄
qap,铹
qapl,铹
qin,铴
qinr,铴
qnhh,鍏
r,的
rrrr,白
rqy,的
rqyy,的
rhfk,年
rh,年
rgkd,后
rgk,后
rg,后
rcn,把
rhf,看
rnrh,所
rn,所
rs,打
rsh,打
rat,找
ra,找
rug,拉
ru,拉
rndg,据
rnd,据
rymk,搞
rym,搞
rrr,白
rpk,近
rpv,按
rp,近
rpvg,按
rtg,手
rt,手
rhk,牛
rtgh,手
rqm,换
rq,换
rrg,拍
rqmd,换
rtfp,挺
rqci,鬼
rqc,鬼
rbc,报
rb,报
rbcy,报
rnb,气
rc,反
raet,撒
rjgh,提
rj,提
rae,撒
rci,反
ruv,接
ruvg,接
rvyo,热
rxj,指
rxjg,指
rkk,操
rgwu,兵
rwbn,抢
rwb,抢
rgw,兵
rkks,操
rvkg,招
rvk,招
rrhy,抓
rii,朱
rhjh,掉
rhj,掉
ri,朱
rlg,舞
rlgh,舞
rpwn,挖
rmhj,制
rwyg,推
rdjd,排
rdj,排
rmc,投
rtan,托
rmcy,投
rta,托
rrh,折
rr,折
rqnn,抱
rqn,抱
rffy,持
rff,持
rf,持
rm,抽
rmg,抽
rffg,挂
rgf,皇
rajd,摸
riq,挑
riqn,挑
rjfg,捏
rtt,斤
rtth,斤
rymn,抗
rw,失
rwi,失
rnn,扎
rpwi,擦
rx,批
rxx,批
rxxn,批
rlf,摆
rlfc,摆
rnrt,扬
rnr,扬
rk,扣
rhyc,爬
rkg,扣
rtb,拖
rtbn,拖
ruj,撞
rujf,撞
ren,扔
re,扔
rdfh,拜
ryjh,挤
rtec,搬
rte,搬
rryy,拆
rry,拆
rqvh,挣
rmnw,缺
rmn,缺
ryj,挤
rhg,扯
rtfv,插
rtf,插
rrkf,哲
rrk,哲
rpwa,控
riu,泉
riv,挡
rivg,挡
rny,拟
rnyw,拟
rqw,欣
rqwy,欣
rvhc,搜
rumd,摘
rvh,搜
rpw,控
rum,摘
rawk,搭
rer,摇
rerm,摇
rgb,邱
rgbh,邱
rjx,拽
rjxt,拽
rke,捐
rkeg,捐
rbcc,摄
rit,抄
ritt,抄
rfmi,质
rtol,播
ryn,护
rynt,护
rua,拼
ruah,拼
rgmj,岳
rgm,岳
rfwy,扶
rfw,扶
rfm,质
rck,抬
rckg,抬
rcy,瓜
rcyi,瓜
rap,捞
rapl,捞
ryx,摔
ryxf,摔
rnty,拨
rv,扫
rvg,扫
rnt,拨
rct,挨
rctd,挨
rwye,携
rcpi,返
rdc,拔
rdcy,拔
rgs,抹
rgsy,抹
rhyi,爪
rpws,探
rcp,返
ryct,撤
ryc,撤
rwgi,捡
rvyl,势
rvln,抛
rvl,抛
rfc,技
rfcy,技
rkmy,损
rkm,损
rhy,扑
rdwh,捧
rdfe,振
rdf,振
rdw,捧
rvnc,殷
rvn,殷
ripr,撑
rfh,盾
rgvh,捷
rgv,捷
rfhd,盾
rqa,抵
rqay,抵
rtfk,皓
rip,撑
rjqn,揭
rqr,掏
rqrm,掏
rjq,揭
rgd,丘
rud,搓
ruda,搓
rwv,扮
rwvn,扮
rkhy,捉
rkh,捉
rcwy,摊
rjg,担
rjgg,担
rmay,罐
rqv,掐
rqvg,掐
ruf,拦
rufg,拦
rvyf,垫
rytp,邀
rcw,摊
rwy,扒
rkln,拐
rplh,挥
rpl,挥
rnfg,扭
rnf,扭
reh,拥
rdwd,揍
rag,扛
rkl,拐
rufh,抖
rufh,拌
rvy,执
rvyy,执
rad,撕
rang,拒
ranw,拣
radr,撕
rd,拓
rdg,拓
ran,拒
rng,握
rngf,握
rqci,魅
rl,押
rlh,押
rcbs,揉
rwgk,拾
rceh,捅
rce,捅
rut,搁
rutk,搁
rep,授
repc,授
rma,缸
rmag,缸
rps,拧
rpsh,拧
raqy,抠
rgef,搏
rtoy,揪
rto,揪
rtfm,攒
rrpk,逝
rrp,逝
raq,抠
ryt,扩
ry,扩
rhb,卸
rhbh,卸
ro,搂
rov,搂
rovg,搂
rryf,誓
ratq,挠
rjtq,揽
ripq,搅
rjt,揽
rvf,挪
rvfb,挪
rwyc,拎
rfqn,抚
rfq,抚
rcfh,择
rcf,择
raw,拱
rawy,拱
rgkg,捂
rhc,披
rhcy,披
rnu,氧
rnud,氧
rqcf,魁
rgey,捕
rge,捕
rwvr,掰
rdn,扰
rdnn,扰
ref,援
refc,援
rlsy,捆
rls,捆
rdjn,掩
rrq,掀
rrqc,魄
rrqw,掀
rmdj,揣
rmd,揣
rqkq,挽
rpd,迫
rpf,皖
rpfq,皖
rqym,捣
rrc,扳
rrcy,扳
rcd,掺
rudb,掷
rumt,撇
rxjh,拂
rajg,措
raj,措
rft,拷
rftn,拷
rcde,掺
rtgf,捶
rqbh,抑
rqb,抑
rld,摁
rdxn,拢
rdx,拢
ryiy,掠
rwyc,擒
rwwf,挫
rww,挫
rldn,摁
rthi,攥
rfhp,遁
rdui,撩
rdu,撩
ralg,描
ral,描
rnc,氢
rnca,氢
rfwl,撵
rgu,挟
rguw,挟
ryl,擅
rylg,擅
ryi,斥
rtfj,卑
rab,皂
rnx,氟
rnxj,氟
rwpi,迭
rwp,迭
rnpv,氨
rnp,氨
rnbm,掘
rbmh,拙
rbm,拙
raws,搽
rwyn,捻
rnvi,氯
rnv,氯
rjbc,撮
rjb,撮
rdgn,撼
rhal,掳
rieg,捎
rie,捎
rwx,抡
rwxn,抡
rha,掳
rfjf,擀
rfj,擀
rmw,摧
rmwy,摧
rqku,搀
rtfn,撬
rwg,拴
rwgg,拴
ryh,掂
ryhk,掂
refy,捋
rnan,抿
rna,抿
rklj,捌
rqkg,拘
rqk,拘
rnnw,撰
rno,氮
rnoo,氮
rcyj,搔
raa,拭
raag,拭
rlxi,摞
rlx,摞
rltk,撂
rlt,撂
rxln,拗
rxl,拗
rxgu,拇
rxg,拇
rcb,抒
rcbh,抒
rduw,撅
rfl,擂
rflg,擂
rqgj,撸
rqg,撸
rtdg,括
rtd,括
rdfn,挎
rdbn,扼
rdb,扼
rvyj,蛰
rqoy,掬
rqo,掬
rdfj,皋
rhkg,拈
rjf,捍
rjfh,捍
rmh,帛
rmhj,帛
rvyr,挚
rgt,乒
rgtr,乒
rxxr,揩
ruqy,皎
rjhh,抻
rjh,抻
rywy,掖
ryw,掖
rygg,拄
ryg,拄
ruq,皎
rqcc,魑
rujf,掸
rnge,氰
rdfn,翱
rdp,挞
rdpy,挞
rgyu,乓
rgy,乓
rkbg,揖
rkb,揖
rdfi,捺
rnyw,氦
rmk,缶
rrj,蜇
rrju,蜇
rbig,拯
rbi,拯
rqce,魈
run,扪
rqcc,魃
rdm,颀
rdmy,颀
ryk,攘
ryke,攘
rwgd,揆
rnua,摒
rvyg,鸷
rlgy,掴
rmhr,掣
rndq,氪
rnjj,氘
rnj,氘
rnwy,擢
ryv,搪
ryvk,搪
rjlg,揾
rntu,氡
rpr,摈
rprw,摈
rtfh,扦
rhth,犇
rtol,皤
rsjg,揸
rsj,揸
rfkm,撷
rbbh,揶
rbb,揶
rnwv,氛
rnw,氛
rngg,氩
rne,氖
rmnn,皑
rccc,掇
rcc,掇
rvym,贽
rneb,氖
rxfm,掼
rxf,掼
rfny,抟
rhh,攫
rhhc,攫
rfn,抟
rccs,搡
rthj,擤
rrcy,皈
rth,擤
rtfb,郫
rqqw,揿
rqq,揿
rnwy,抉
rxey,掾
rxe,掾
rnld,氤
ryao,摭
rya,摭
rnl,氤
rqcn,魍
rgpd,遑
rmm,撄
rmmv,撄
rnjl,氲
rgp,遑
rqcw,魉
rrkh,踅
ruvo,搛
rynd,捩
rfkg,拮
rfk,拮
rovt,擞
rguh,抨
rfpy,挝
rfp,挝
rgbv,卮
ryty,敫
rkcn,挹
rkc,挹
rmhh,罅
rwgj,揄
rnkj,氚
ribh,邾
rib,邾
rgkp,逅
rgke,攮
rnmj,氙
rnm,氙
ruk,掊
rukg,掊
rpwh,撺
rwf,拊
rxu,搦
rxuu,搦
rwfy,拊
ryxl,搐
rrt,捭
rrtf,捭
rtdj,挢
risu,楽
rghg,扌
rgh,扌
rdnl,拋
rdff,捱
rcah,拚
rca,拚
rans,揲
rpg,揎
ryne,掮
rwgr,搿
rvyi,絷
rvqy,拶
rujg,揞
rube,搠
rub,搠
rtrt,皒
rpgg,揎
rnrg,摺
rnku,擗
rnk,擗
rlxy,攞
rlwl,搵
rvq,拶
rds,掎
rdsk,掎
rnbt,撖
rfwy,攉
rus,撙
rusf,撙
rrhm,搋
rntr,氕
rnae,搌
rtfg,鹎
rgdn,掭
rlge,擐
rajv,揠
rhan,摅
rcyw,瓞
rvt,捃
rvtk,捃
s,要
ssss,木
sv,要
svf,要
skd,可
sk,可
sdm,顶
sdmy,顶
shn,想
shnu,想
sg,本
sgd,本
sovg,楼
sov,楼
sksk,哥
sks,哥
sbf,李
sb,李
ssy,林
ss,林
sf,村
sfy,村
smn,机
sghg,西
sm,机
ssqu,梦
ssq,梦
snrt,杨
snr,杨
sn,杨
shg,相
sh,相
sksw,歌
scfy,树
scf,树
sve,根
svey,根
sgh,丁
sudh,样
sud,样
su,样
sjgf,查
sjg,查
sj,查
swbn,枪
swb,枪
stx,梅
se,极
stxu,梅
sey,极
seyy,极
sc,权
sqtb,柳
sqt,柳
sfiu,票
scy,权
sgn,配
sgnn,配
std,桥
stdj,桥
sgi,杯
st,格
ssnh,楚
ssn,楚
stkg,格
stk,格
sgiy,杯
sfg,杜
src,板
srcy,板
smqy,枫
smq,枫
syi,术
sy,术
so,杰
sou,杰
swc,松
swcy,松
sss,森
siv,档
si,档
sivg,档
synw,核
sssu,森
sgtk,酷
sgj,醒
sfiq,飘
sgy,醉
sgyf,醉
sgjg,醒
sgc,酸
sgct,酸
smu,贾
sty,枚
sfi,标
sdwh,棒
sfiy,标
sdw,棒
sup,榜
supy,榜
suq,校
sam,横
samw,横
suqy,校
sygg,柱
syg,柱
sfh,杆
srg,柏
saj,模
ssfi,禁
ssf,禁
sajd,模
ssk,柯
sskg,柯
sfcy,枝
sfc,枝
sceh,桶
sce,桶
smmv,樱
sgaj,醋
sga,醋
sffg,桂
sff,桂
sad,棋
sadw,棋
siqn,桃
siq,桃
saiy,栋
sai,栋
shy,朴
sftt,材
sft,材
sfmf,楠
sfm,楠
sjx,棍
sjxx,棍
sset,彬
sw,检
swgi,检
sse,彬
san,柜
sang,柜
smgk,桐
syf,桩
syfg,桩
sufg,栏
suf,栏
suh,梓
srmh,棉
sqqd,樊
srm,棉
sgtu,酶
spqn,枕
spq,枕
slyn,楞
sly,楞
sl,楞
sjsy,棵
sagg,框
sjs,棵
skf,杏
sdyy,杖
sdy,杖
symn,杭
sym,杭
stt,覆
sttt,覆
swgu,橙
sgmj,槽
sriy,株
sri,株
sgty,酥
syp,述
sypi,述
sfhg,植
sycq,梳
suxt,梯
sux,梯
sqq,攀
syc,梳
sqqr,攀
sfgn,甄
seeg,棚
see,棚
sgg,枉
sgyb,醇
sdg,枯
sd,枯
sgjg,桓
sgye,酿
ssm,梵
ssmy,梵
swg,栓
swgg,栓
swx,桦
swxf,桦
set,杉
sdsk,椅
sds,椅
sbb,椰
sbbh,椰
ssu,栗
sgd,酉
sgm,柄
sgmw,柄
sp,棕
spf,棕
spfi,棕
ssg,栖
shic,椒
shi,椒
sfkg,桔
sfk,桔
scbk,橘
spwk,榕
ssou,焚
sso,焚
srq,槐
srqc,槐
svc,概
svcq,概
sag,杠
sgjq,梗
sjj,覃
spn,棺
spnn,棺
spw,榨
spwf,榨
sq,构
sqc,构
sqcy,构
sfwt,棱
sfw,棱
sou,粟
srh,析
ssyx,麓
swgj,榆
sr,析
sps,柠
spsh,柠
sfiy,瓢
sgmk,酮
scwt,梭
scw,梭
sqdy,檐
smmg,栅
syl,檀
sylg,檀
smm,栅
sgyh,酬
shmy,桢
shm,桢
saq,枢
saqy,枢
sgxj,酯
sgx,酯
snn,杞
stfh,杵
sie,梢
sieg,梢
sqi,栎
sqiy,栎
sxxr,楷
sxx,楷
sx,楷
swyg,椎
swy,椎
snn,札
sdgf,橱
sgwv,酚
sgw,酚
sgog,桠
sgkg,梧
sgk,梧
susf,樽
sgq,酌
sgt,栈
sgqy,酌
saa,械
saah,械
stmf,榭
suj,樟
sujh,樟
symh,柿
stm,榭
sa,械
sgaf,酣
sdwt,榛
slkg,枷
slk,枷
sgag,醛
sjf,杳
sdwj,椿
scbn,懋
swn,槌
swnp,槌
sqyl,榴
sqy,榴
sgnn,朽
swyo,樵
sap,檬
sape,檬
sjt,槛
sjtl,槛
smg,柚
sqg,橹
sqgj,橹
saf,柑
safg,柑
sgyl,醯
secl,楹
sec,楹
sjtq,榄
sjn,榻
sjng,榻
sng,栩
svi,棣
sdt,梆
sviy,棣
sdtb,梆
skw,枳
skwy,枳
snh,楣
snhg,楣
spwi,檫
sqj,橡
sqje,橡
swf,桧
swfc,桧
sdg,柘
sgo,醚
sgop,醚
sgtk,酪
srgb,栀
sybg,椁
syb,椁
slqy,椤
suda,槎
slq,椤
sgtq,酰
ssb,郴
sto,楸
ssbh,郴
sdhd,楔
sdh,楔
stoy,楸
spvg,桉
spv,桉
svo,棂
svoy,棂
sww,枞
swwy,枞
scyy,杈
sqd,桅
srrf,皙
srr,皙
sqdb,桅
sgto,醺
sxe,椽
syiy,椋
syvb,榔
syv,榔
sxey,椽
sfht,樾
sfij,剽
sgfb,酵
sgwo,醮
shj,棹
shjh,棹
spr,槟
sprw,槟
sakg,槿
sak,槿
sndg,椐
snd,椐
skbg,楫
skb,楫
sgmu,醴
sgli,楝
sgl,楝
sfuk,樯
sfu,樯
sftj,楮
syn,枋
stgf,棰
stg,棰
sguh,枰
sgu,枰
ssv,婪
sfiu,柰
sgfh,酐
syli,檩
swdc,椴
swd,椴
ssvf,婪
sggd,酽
stfh,桁
sry,檄
sryt,檄
sth,柞
sthf,柞
sdl,枥
swyf,榫
sdln,枥
sgjx,醌
sgne,醪
sgqk,酩
sgef,酹
sge,酹
scbh,杼
scb,杼
satq,桡
sat,桡
saqy,柩
sqyy,杓
smqn,枧
sguk,醅
sgsh,酊
sgtf,酢
sgs,酊
stf,橇
stfn,橇
sdht,槭
sfb,鄄
sfbh,鄄
sgqb,酗
sgqn,杌
symk,槁
ssjg,楂
ssj,楂
spwy,榷
siqn,桄
sgdy,酞
sduw,橛
sdu,橛
sgf,酝
sgfc,酝
sfnd,椟
sfn,椟
sgpx,酡
sgp,酡
sqkg,枸
sqk,枸
spxn,柁
spx,柁
snbt,橄
snb,橄
stfp,梃
sffn,樗
seb,桴
sqay,柢
sebg,桴
sgdg,酤
sqa,柢
sab,栉
sabh,栉
swyc,柃
sip,樘
sipf,樘
spg,楦
spgg,楦
scn,杷
sryy,柝
sbd,椭
sbde,椭
sgjh,醍
smwy,枘
smw,枘
svfp,楗
sxxe,橼
siw,榉
siwh,榉
sdx,栊
sdxn,栊
sgkg,酲
sit,杪
sitt,杪
sgdl,醢
sgcf,桎
sxxn,枇
sadd,榧
suk,榈
sadn,椹
sukk,榈
syfj,槠
sftn,栲
scg,杩
stdg,栝
sqef,槲
sftx,栳
scfg,柽
sdjg,栢
sdwd,楱
sgfy,酎
sggy,酾
sgyk,醣
skk,榀
skkk,榀
sugi,様
sus,榇
susy,榇
swy,朲
siit,桫
shnt,栌
sii,桫
stay,枨
sfl,檑
sflg,檑
sta,枨
sqeh,桷
ssw,棼
sqe,桷
sgoy,醭
sswv,棼
sghe,醵
smnn,桤
sgbn,酏
stfk,梏
sgb,酏
slh,柙
sgne,醑
srdf,槔
skgn,枵
srd,槔
snih,樨
skg,枵
sgde,醐
sgwt,酴
swyc,檎
snie,榍
sni,榍
syk,榱
syke,榱
svg,桕
t,和
tttt,禾
trn,我
trnt,我
tkg,和
tvey,很
tve,很
tffu,等
tcu,么
tc,么
tm,向
tmk,向
tmkd,向
tjg,得
tj,得
tjgf,得
txht,第
txh,第
tx,第
tfqb,先
tfq,先
thgc,版
tq,称
tqiy,称
tqi,称
tgd,生
thd,自
tay,长
ta,长
tayi,长
tg,生
tfkd,靠
thi,处
tk,各
txgu,每
txg,每
tkf,各
th,处
ttdu,笑
ttd,笑
tfhh,行
tf,行
tyg,往
tygg,往
tgjf,重
tgj,重
tkh,种
tsu,条
ts,条
tkhh,种
trff,特
trf,特
tpnn,管
tpn,管
tld,血
txi,系
tp,管
txiu,系
tfl,德
tfln,德
tha,算
tem,般
temc,般
thaj,算
tfn,毛
tfnv,毛
tfqp,选
thg,片
thgn,片
tjf,香
tyi,入
ty,入
ti,秒
tit,秒
titt,秒
tu,科
tufh,科
tjh,利
tdn,乱
tdnn,乱
te,秀
teb,秀
tmd,身
tmdt,身
tfk,千
telf,盘
tffy,待
tel,盘
tyna,篇
td,知
tdkg,知
tfqm,赞
tdk,知
twt,徐
twty,徐
twgk,答
twg,答
trq,物
tr,物
thgf,牌
trqr,物
tw,答
tdg,短
tak,升
tffh,街
tdgu,短
toy,秋
to,秋
tkgg,程
temk,船
toln,翻
tmod,奥
tdkj,智
tmo,奥
tfc,丢
tfcu,丢
thdu,臭
tfkp,造
tmg,微
tmgt,微
tb,季
tbf,季
tdj,乔
tdjj,乔
tqti,黎
ttf,笔
ttfn,笔
tvr,魏
tvrc,魏
tt,笔
tqt,黎
thfn,怎
twgi,签
ttgh,竹
ttg,竹
tghg,征
tgh,征
tegg,租
teg,租
tuk,税
tukq,税
txgt,敏
tfkf,告
tux,乘
tuxv,乘
tfux,乖
tmdf,射
tjt,复
tjtu,复
tfu,乖
tdaf,甜
tmhk,币
tmh,币
tuhk,乎
twfu,符
twf,符
tdty,敌
tdt,敌
tuh,乎
temq,舰
tevc,艘
tri,穆
trie,穆
tsg,笨
tsgf,笨
tuu,冬
tonu,愁
tue,箭
tuej,箭
tuj,简
tujf,简
tcy,私
tie,稍
tieg,稍
tkw,积
tkwy,积
tmds,躲
trh,御
trhb,御
tdij,籍
tqvn,稳
tqv,稳
tepv,透
tep,透
tvf,委
tv,委
tshf,箱
tsh,箱
tdjh,刮
thp,延
thpd,延
tym,稿
tymk,稿
tey,航
teym,航
tlf,备
thnu,息
thn,息
thcy,彼
thc,彼
tdhp,逢
tdh,逢
tqqy,移
tqq,移
tuxj,剩
tlon,粤
tlo,粤
tntt,秘
tvfh,律
tdtv,矮
tfhy,徒
tjs,梨
tjsu,梨
tn,秘
tnt,秘
tdgn,舔
tei,舟
thl,鼻
thlj,鼻
tfpk,迁
tfp,迁
tfpd,廷
tmdk,躺
tqd,稀
tqdh,稀
trt,牧
trty,牧
twh,筱
twht,筱
tfj,午
tgmi,策
tgm,策
trng,鹅
ttt,禾
tduh,辞
telb,筋
tet,艇
tetp,艇
tgaf,垂
tl,务
tlb,务
toc,释
toch,释
tol,番
tolf,番
tga,垂
txgi,繁
tdd,舌
tgl,熏
tglo,熏
tdp,适
tkm,禹
tkmy,禹
tmgk,筒
tqdh,衡
tam,筑
tamy,筑
tdpd,适
thfd,乍
thf,乍
tvij,箫
tdx,笼
tdxb,笼
tgjn,穗
tmf,笛
tewb,舱
tew,舱
tcag,径
tca,径
tavn,彻
tgu,秤
tguh,秤
txen,胤
tdu,矢
ton,悉
tonu,悉
tgv,秉
ttgf,笙
tgvi,秉
tjtl,篮
tdtf,筹
tagf,筐
tag,筐
trfh,循
txgq,毓
tvtr,笋
tvt,笋
tqfh,衔
tqf,衔
tmcy,役
tmc,役
tifh,衍
tif,衍
tmgt,徽
tfqu,筠
tjgh,筛
tmb,秃
tevg,稻
tev,稻
tfd,壬
twik,黏
temd,磐
tcf,笃
tpi,乏
tigf,簿
tig,簿
tmfk,稠
tnb,乞
tjr,犁
tjrh,犁
tgef,箐
tge,箐
tuf,笠
tyn,彷
tmdy,秧
tytd,簇
tyt,簇
twyg,稚
twy,稚
tfj,竿
tdtj,矫
tdan,矩
tda,矩
tmgt,徵
tmdm,颓
ttdp,篷
tdi,夭
tepx,舵
tqvh,筝
tyb,篱
tybc,篱
tghn,惩
trah,箍
tra,箍
tmdx,躬
tgr,笺
tgkh,衙
tgk,衙
tfno,毯
tomg,釉
tom,釉
tlqu,箩
tlq,箩
tjtt,馥
tmdq,躯
tff,竺
teyn,舫
tmq,秽
tmqy,秽
trfg,牡
tnn,筷
tnnw,筷
thkf,咎
thk,咎
tdwy,雉
tamw,簧
tadk,箬
thhy,徙
tdnj,稽
taqj,簪
taq,簪
thh,徙
tfnk,毡
thdc,篡
tud,徉
tudh,徉
twi,黍
twiu,黍
trtg,牲
trwy,秩
trw,秩
trfd,犊
tpey,稼
tpe,稼
tovf,篓
tov,篓
tkwy,雒
tyk,穰
tyke,穰
tdgt,箴
teyx,舷
tfkb,郜
tfkg,秸
thhh,衢
tadw,箕
tad,箕
twa,筏
twar,筏
tft,箸
thdi,纂
thgs,牒
tgs,秣
tgsy,秣
tir,箔
tirf,箔
tftj,箸
txeu,篆
txe,篆
tlw,稷
tlwt,稷
tyiu,汆
tthp,筵
tnp,迄
tnpv,迄
tdtn,憩
tfh,秆
tfkg,鹄
tgkm,籁
thlf,鼾
tdwf,矬
tdw,矬
ttnt,笫
tfhw,稹
teyu,笈
tesk,舸
tes,舸
tdmj,岙
tdm,岙
twyn,稔
tdnm,嵇
tlkg,徊
tlk,徊
tymk,篙
trdg,牯
trtf,稗
trxn,牝
trx,牝
thjf,昝
thj,昝
tgoy,徕
tgo,徕
teuh,艏
teu,艏
terg,舶
ter,舶
tcb,笆
tbpv,迤
tbp,迤
tjsy,稞
tqr,笏
tqrr,笏
trs,牺
trsg,牺
tadc,簸
trgf,篁
tluf,衅
tlu,衅
tlff,睾
tldt,篾
tujf,箪
trgg,徨
trg,徨
tpwa,箜
tpw,箜
tlkf,笳
tgll,甥
tgkw,簌
tolb,鄱
tqj,徇
tqjg,徇
tsj,簟
tsjj,簟
tagw,箧
taw,筮
taww,筮
tdqa,舐
tlnu,惫
ttlx,篦
tahp,逄
tah,逄
tln,惫
tgaj,笄
thgd,牍
tifn,愆
tgfj,竽
tgf,竽
tvel,簋
tck,笞
tckf,笞
tlqi,囟
trvp,犍
tlnf,衄
tfnp,毽
tdjd,徘
trv,犍
thgy,牖
tjgf,笪
twgf,筌
tsyy,秫
tsy,秫
tng,笥
term,徭
txxf,筚
tryk,犒
tngk,笥
tthf,笮
tth,笮
tlqi,囱
tvp,逶
tesg,舾
tvpd,逶
tryt,徼
ths,臬
thsu,臬
tim,徜
timk,徜
tenn,艉
ten,艉
tebl,艋
tmqb,笕
try,徼
tfuk,穑
tlg,箅
tlgj,箅
tyo,籴
tyou,籴
tqrq,篼
tfjf,篝
tkhm,篑
tlp,笾
tlpu,笾
tvk,笤
tvkf,笤
tfnn,毳
tynx,簏
trch,箨
tqkf,笱
tqk,笱
tghf,眚
tfvw,歃
trtn,牦
trbn,牠
traf,箝
tpqb,箢
tpq,箢
tiu,尓
tief,筲
thlg,齄
terc,舨
tegg,徂
teag,舡
tea,舡
tdas,榘
tawc,穫
tav,乇
tabj,筇
tab,筇
txty,後
txt,後
twu,秂
twgu,簦
ttny,夂
ttn,夂
ttll,丿
ttl,丿
ttgy,攵
tdxh,矧
tdqg,鸹
tdq,鸹
tek,舯
teae,艨
ttth,彳
thlj,劓
txx,秕
tonr,簖
txxn,秕
tekh,舯
tfpk,迕
trk,筘
trkf,筘
tssu,篥
tss,篥
tqto,黧
trhm,篪
txgg,鳘
tujj,螽
ttfq,筅
tyv,稂
teie,艄
tyve,稂
tetf,舴
trql,籀
trdk,犄
trd,犄
tebg,稃
takf,笸
temg,舳
tgmu,箦
thfp,迮
ttnt,秭
trhy,笊
trhw,犋
teh,舻
teuf,艟
tehn,舻
trc,筢
trcb,筢
teyq,舣
trgk,牾
tegj,艚
tgjq,筻
thlv,鼽
tadd,篚
temh,舢
trya,犏
twn,篌
twnd,篌
trtk,牿
texx,舭
tex,舭
tkk,稆
tkkg,稆
tfnj,氆
tfnj,氇
tfnh,毪
u,产
uuuu,立
uqfy,将
uqf,将
udhf,着
udh,着
uaj,并
ua,并
ue,前
uejj,前
uej,前
usr,新
usrh,新
uknu,总
ukd,问
ukn,总
uthp,道
ulj,曾
ul,曾
uljf,曾
uqw,次
ugdu,美
uqwy,次
udi,头
udpi,送
udp,送
uyhn,门
uyh,门
uhkg,站
uh,站
ufye,装
ufy,装
uygy,六
uy,六
uj,间
ujd,间
ukbh,部
uk,部
ukb,部
udaf,差
uda,差
ugm,病
udu,关
ud,关
ugmw,病
uq,交
uwyc,冷
uqu,交
ufk,半
uf,半
ux,北
uxn,北
ukh,冲
uqdu,奖
uqd,奖
udyj,养
ujfj,单
ujq,竟
ujqb,竟
ukhh,冲
uce,痛
usu,亲
us,亲
uiy,冰
ucek,痛
ui,冰
uff,兰
uuu,立
uxe,背
uxef,背
uu,立
uth,首
uthf,首
udbh,郑
udb,郑
um,商
ujnu,意
ujn,意
ufwt,凌
ufw,凌
umwk,商
umw,商
uwy,准
uwyg,准
ujf,音
ujj,章
udbb,卷
ugl,盖
uglf,盖
uvo,兼
uvou,兼
uogj,普
utem,颜
utu,疼
utui,疼
uog,普
uc,冯
ucg,冯
ufk,斗
uo,普
uduk,善
up,帝
upm,帝
upmh,帝
udj,羊
udy,状
uym,闹
uymh,闹
ugv,姜
ugvf,姜
usgf,尊
usg,尊
uqvh,净
uqv,净
ubd,闻
umd,端
ub,闻
uqwm,资
umdj,端
uxht,弟
uxh,弟
ujqu,韵
upyb,旁
uagn,瓶
uag,瓶
upy,旁
utkd,阁
utk,阁
uyiy,凉
uygh,辛
udg,减
udgt,减
uhk,丫
umq,疯
umqi,疯
ujff,童
ulgk,兽
uwi,闪
uw,闪
ulg,兽
uep,遂
uepi,遂
ugh,症
unwy,决
uvhc,瘦
uvh,瘦
unw,决
un,决
ughd,症
uxt,凝
uxth,凝
uni,闷
usi,闲
ut,产
ute,产
uwl,益
uwlf,益
udjh,判
ufg,壮
udwd,凑
udw,凑
udng,翔
uxxu,兹
uqwl,盗
uvg,妆
uv,妆
uxx,兹
udr,拳
udrj,拳
ugki,辣
ugk,辣
uejv,剪
ubt,逆
ubtp,逆
uemc,毅
uem,毅
uqsg,酱
ucd,闯
uqwv,姿
uvei,痕
uve,痕
uter,彦
ukqb,兑
uejo,煎
udvb,券
udv,券
uge,靖
ugeg,靖
uqvd,阎
uxxn,慈
uxhp,递
uai,冻
uaiy,冻
uyuh,辩
uyu,辩
uukq,阅
uuk,阅
uqty,效
uqt,效
ufte,闭
uft,闭
utdk,痴
uud,痒
uudk,痒
umin,憋
utd,疾
utdi,疾
uvf,妾
uit,阔
uqwn,瓷
ukqb,竞
uitd,阔
ubq,瘾
ubqn,瘾
udd,闫
uqi,浆
udnf,羞
udn,羞
uqiu,浆
ukkm,癌
ukk,癌
ujqw,歆
ufni,痣
ubtf,塑
uoo,痰
uooi,痰
uxlw,冀
uxl,冀
uwae,阀
uwa,阀
ukqn,况
ukq,况
uytu,辨
uyt,辨
ubte,朔
uyi,闵
ubk,疗
usgp,遵
uji,闽
urcu,瓣
urc,瓣
ur,瓣
uqyl,瘤
ucv,疤
uckg,冶
uck,冶
ukjh,剖
ukj,剖
umig,鳖
umia,弊
ung,翊
usgd,奠
ujtm,赣
ulk,闸
ujt,赣
ugku,痘
udrc,叛
uubw,阙
uub,阙
uxhj,剃
uvow,歉
unk,癖
unku,癖
ugu,羡
uguw,羡
udnb,羌
ugod,羹
umi,敝
umit,敝
uwb,疮
uwbv,疮
ujet,彰
uje,彰
uhci,疲
ujvk,韶
ujv,韶
uhc,疲
uapl,痨
uffi,痔
ucwy,瘫
udjn,阉
ugi,痞
ugik,痞
ujl,瘟
ujld,瘟
umqy,飒
utf,冼
utfq,冼
uqwk,咨
uqsu,桨
uqs,桨
ujqn,竭
ugt,羲
ugtt,羲
ugvv,凄
udjn,羯
ufhm,癫
uthx,瘪
ugli,阑
ugq,冽
ugqj,冽
uywu,瘀
ucwt,竣
ucw,竣
uqbh,郊
uqb,郊
umci,疫
umc,疫
uwee,疹
uwe,疹
ulgj,痹
unb,阚
unbt,阚
udhf,眷
umih,瞥
umfk,凋
umf,凋
ulkw,瘸
ugd,闰
ug,闰
uyli,凛
uyl,凛
uxuh,辫
uxu,辫
udwc,羚
uffd,闺
ukkd,闾
utv,痿
utvd,痿
uhtt,夔
uht,夔
uqgd,癣
ufcl,阖
ufc,阖
uqg,癣
ugkm,癞
umk,疝
udnv,疣
ulkd,痂
ujtn,戆
udci,闳
ugn,恙
ugnu,恙
udc,闳
uov,瘘
uovd,瘘
uaw,瘩
uawk,瘩
utnv,疙
uujk,瘴
utn,疙
uwgd,阕
usgd,猷
uejn,翦
usq,鹇
usqg,鹇
usgf,酋
uhx,疵
udca,羟
uhxv,疵
utjk,痢
utj,痢
uvq,阋
uvqv,阋
uqwn,恣
uek,痈
uujf,阐
uuj,阐
uljn,甑
uapk,迸
uap,迸
ugo,羔
ugou,羔
uii,痧
uiit,痧
uqn,疱
uqnv,疱
uswc,凇
usw,凇
uceu,衮
ucq,兖
ucqb,兖
ubts,槊
uqyi,疚
uqy,疚
ucad,痉
uca,痉
uagd,疟
ueg,疽
uegd,疽
umih,蹩
uus,痫
uusi,痫
ufh,阗
ufhw,阗
ugxw,痍
uwwf,痤
uww,痤
ufnh,闱
ugd,闩
ufn,闱
ubk,疖
uxbh,邶
uxb,邶
uakg,阈
uak,阈
udjd,痱
ugki,竦
usgp,遒
uwj,疥
uwjk,疥
unr,疡
unre,疡
udct,羧
udyf,誊
uqwo,粢
udnv,疠
uiwe,瘠
uiw,瘠
unac,癜
una,癜
ummv,瘿
ujfb,郸
uafd,疳
uaf,疳
umm,瘿
ugkj,瘌
uywu,阏
uqj,阄
uqjn,阄
uywf,瘁
uyw,瘁
uxhg,鹈
uyv,阆
usk,疔
udqg,鲞
uyve,阆
uwg,痊
udeu,豢
ude,豢
ubtg,癃
uwgd,痊
uwlj,蠲
udpi,闼
uguf,瘗
uujn,癔
uxxb,孳
ugy,癍
ugyg,癍
ujbh,鄣
ujb,鄣
ucy,瘙
ucyj,瘙
uvog,鹣
uqmd,痪
uqm,痪
uamw,癀
uam,癀
udsu,桊
uskd,疴
uds,桊
uqaj,阍
uqa,阍
unh,瘕
upmk,啻
uynw,阂
uyn,阂
unhc,瘕
utec,瘢
uuda,瘥
uudi,関
udmo,羰
udm,羰
udub,鄯
ujg,疸
ujgd,疸
uygh,丬
uygg,疒
ugog,痖
uyg,冫
ugou,羙
ugiw,羨
uepc,阌
unwe,瘳
ujjd,阊
uhdi,阒
uhd,阒
uvw,瘐
uls,阃
ulsi,阃
udqy,羝
udq,羝
uvwi,瘐
uymv,闶
uujf,瘅
uwf,瘵
uwfi,瘵
uxxg,鹚
ukg,瓿
ukgn,瓿
ugkd,痦
uld,痼
uldd,痼
ulxi,瘰
ulx,瘰
ugx,冱
udhn,瘛
ugxg,冱
uthg,馘
udlv,疬
udl,疬
uwn,瘊
uyxi,痃
uyx,痃
uwnd,瘊
uajd,瘼
uygd,疰
usf,瘭
usfi,瘭
ujfe,冁
uhhy,癯
uhh,癯
uthf,痄
uey,瘃
ueyi,瘃
v,发
vvvv,女
vfb,那
vfbh,那
vbn,她
vbg,好
vb,好
vk,如
vkg,如
vvv,女
vcb,即
vcbh,即
vtkd,群
vtk,群
vegg,姐
veg,姐
vcg,妈
vc,妈
vt,九
vtn,九
vca,既
vcaq,既
vyve,娘
vyv,娘
vtkd,君
vfhp,建
vn,刀
vnt,刀
vo,灵
vou,灵
vtgg,姓
vtg,姓
vfiy,妹
vfi,妹
vf,寻
vfu,寻
vpey,嫁
vpe,嫁
viq,姚
vepi,退
vep,退
viu,录
viqn,姚
vi,录
vtdy,妖
vtd,妖
vnn,妃
ven,奶
ve,奶
vnf,妞
vte,尹
vnfg,妞
vsu,杂
vs,杂
vff,娃
vffg,娃
vvf,娜
vvfb,娜
vynu,忍
vu,嫌
vuv,嫌
vuvo,嫌
vah,姬
vahh,姬
vq,婚
vqa,婚
vqaj,婚
vnx,妮
vcy,奴
vcnu,怒
vcn,怒
vnxn,妮
vnun,鼠
vit,妙
vitt,妙
vnu,鼠
vnum,鼬
vxgu,姆
vg,姨
vgx,姨
vgxw,姨
vx,姆
vxg,姆
vtkb,郡
vgkt,嫩
vgk,嫩
vckg,始
vck,始
vyi,丸
vtdj,娇
vpqb,婉
vpq,婉
vj,旭
vjd,旭
vyps,婷
vyp,婷
vcag,暨
vga,妍
vgah,妍
vv,妇
vvg,妇
vvh,嫂
vvhc,嫂
vyi,刃
vkb,邵
vkbh,邵
vnh,媚
vnhg,媚
vgey,婊
va,毁
vfh,奸
vamc,毁
vam,毁
vkf,召
vke,娟
vgog,娅
vgo,娅
vkeg,娟
vdg,姑
vd,姑
vge,婧
vgeg,婧
vgho,嫣
vgh,嫣
vefc,媛
vafs,媒
vaf,媒
vsfi,嫖
vsf,嫖
vknu,恕
vkn,恕
vcl,努
vclb,努
vijh,剥
vpjh,婶
vpj,婶
vipi,逮
vip,逮
vtr,娥
vfc,妓
vkxi,絮
vkx,絮
vkgd,娱
vjsu,巢
vjs,巢
vtrt,娥
vfcy,妓
vp,巡
vpv,巡
vusy,娴
vus,娴
vpr,嫔
vprw,嫔
vgv,婕
vgvh,婕
vriy,姝
vri,姝
vll,舅
vllb,舅
vcx,弩
vl,舅
vmmg,姗
vmm,姗
vij,肃
vijk,肃
vcxb,弩
vuj,婵
vujf,婵
vuxt,娣
vux,娣
vei,艮
vynt,妒
vqyg,鸠
vhc,叟
vhcu,叟
vjj,娼
vjjg,娼
vagf,嬅
vnhe,婿
vuq,姣
vuqy,姣
vtnt,姊
vrtf,婢
vrt,婢
vjsj,剿
veff,垦
vef,垦
vfk,嬉
vfkk,嬉
vfhk,聿
vft,姥
vftx,姥
vth,臼
vthg,臼
vcbh,妤
vthn,媳
vii,隶
vepc,嫒
vldy,姻
vld,姻
vjgg,妲
vum,嫡
vumd,嫡
vjg,妲
vat,娆
vatq,娆
venu,恳
vutd,嫉
vut,嫉
vmgn,娉
vyn,妨
vy,妨
viph,嫦
vkcb,邕
vkc,邕
vfuk,嫱
vajd,嫫
vkmw,娲
vkm,娲
vfqn,妩
vfq,妩
vtfg,妊
vipi,逯
vtf,妊
vny,姒
vnyw,姒
vkln,劭
vkl,劭
vjf,旮
vuah,姘
vua,姘
vccf,驽
vcc,驽
vpta,姹
vpt,姹
vpm,帚
vpmh,帚
vyly,妫
vyl,妫
vlf,甾
vwyn,妗
vwy,妗
vntn,娓
vjgh,媞
vfjf,媾
vqy,妁
vqyy,妁
vys,嬷
vysc,嬷
vfj,媾
vjl,媪
vjlg,媪
vlge,嬛
vlqp,邋
vlq,邋
vfs,孀
vfsh,孀
vxxn,妣
vxx,妣
vbs,婀
vbsk,婀
vwi,臾
vqkq,娩
vqk,娩
vaq,妪
vaqy,妪
vkp,迢
vkpd,迢
vtl,媲
vtlx,媲
vuth,馗
vylg,嬗
vjfg,娌
vqou,舄
vqo,舄
vcm,帑
vcmh,帑
vbh,媸
vbhj,媸
vdf,娠
vdfe,娠
vcbf,孥
vcmw,胬
vqiy,妳
vyss,嫲
vbnu,恏
vnnn,巛
vngg,彐
vng,彐
vlx,嫘
vlxi,嫘
vnuk,鼯
vnuv,鼹
vaj,舁
vmg,妯
vm,妯
vujh,嫜
vnud,鼷
vnuv,鼢
vhk,肀
w,人
wwww,人
wqiy,你
wqi,你
wq,你
wb,他
wbn,他
wjg,但
wjgg,但
ww,从
wwy,从
wfcu,会
wf,会
wfc,会
wh,个
whj,个
wdt,做
wdty,做
wu,们
wun,们
wqin,您
wqj,像
wv,分
wvb,分
wqje,像
wgkq,使
wg,全
wgf,全
wgj,便
wgkr,拿
wgjq,便
wt,作
wthf,作
wygg,住
wdjn,俺
wn,亿
wnn,亿
wys,集
wysu,集
wwf,坐
wwff,坐
wjm,偶
wjmy,偶
wug,位
wycu,令
wxn,化
wx,化
wwvn,份
wyc,令
wqay,低
wqa,低
wty,八
wwv,份
wgc,倒
wgcj,倒
wtf,任
wtfg,任
wgij,剑
wgkb,命
wen,仍
wgi,剑
wy,信
wyg,信
we,仍
wukg,倍
wuk,倍
wtl,伤
wskg,何
wsk,何
wtln,伤
wfny,传
wnhc,假
wtu,余
wxfj,华
wxf,华
wcy,仅
wnh,假
wtlt,傻
wht,修
whte,修
wgk,合
wgkf,合
wyey,依
wye,依
wdm,段
wwkw,欲
wdmc,段
wcu,公
wxjh,佛
wxj,佛
way,代
wa,代
waj,借
wajg,借
wsg,体
wqbj,爷
wsgg,体
wnnp,追
wc,公
wqb,爷
wvt,伊
wksy,保
wvtt,伊
wynn,念
wynb,今
wks,保
wk,保
wynk,含
wrh,件
wrhh,件
wgqj,例
wgq,例
wmh,仙
wwk,谷
wqqq,爹
wwkf,谷
wm,仙
www,众
wxm,货
wxmu,货
wwwu,众
wfhg,值
wntd,侯
waw,供
wawy,供
wwj,价
wwjh,价
wyp,停
wyps,停
wnt,侯
wtfm,凭
wgm,俩
wgmw,俩
wwgj,偷
wycm,领
wny,似
wnyw,似
wqc,爸
wqcb,爸
wfh,什
wfy,付
wffg,佳
wfg,仁
wyv,食
wyve,食
wbg,仔
wr,伯
wrg,伯
wtr,俄
wtrt,俄
wgku,登
wyna,偏
wbjh,创
wbj,创
wcw,俊
wyqy,仪
wcwt,俊
wyq,仪
wfkb,舒
wqu,父
wdnn,优
wdn,优
wwx,伦
wwxn,伦
wykf,售
wyk,售
wmjh,侧
wmj,侧
wksf,堡
wfn,伟
wyl,伪
wyly,伪
wvfp,健
wfnh,伟
wvf,健
wynm,贪
wat,伐
wufh,伴
wfk,舍
wuf,伴
wfkf,舍
wsy,休
ws,休
waye,袋
wgnb,兮
wda,佐
wgg,伍
wkhh,仲
wvn,仇
wdkg,佑
wdk,佑
wdag,佐
wwwk,俗
wgen,愈
wgqt,傲
wgkl,盒
wuhj,伞
wuh,伞
wj,介
wmw,催
wmwy,催
wjj,介
wge,傅
wyou,焦
wyo,焦
wgef,傅
wfi,祭
wgu,侠
wbb,仓
wgej,俞
wftx,佬
wft,佬
wfiu,祭
wguw,侠
whtn,悠
wmg,佩
wmgh,佩
whw,俱
whwy,俱
wtuf,斜
wjhh,伸
wjh,伸
wgmy,债
wgep,逾
wdyy,仗
wdy,伏
wcnf,翁
wcn,翁
wpey,侬
wpe,侬
wxdm,倾
wxd,倾
wvq,倪
wvqn,倪
wfdj,儒
whf,企
whn,候
whnd,候
wam,贷
wamu,贷
wfd,儒
wvlf,盆
wvl,盆
wulj,僧
wul,僧
wvm,贫
wvmu,贫
wyn,仿
wkhy,促
wkh,促
wgeg,倩
wfg,仕
walo,黛
wal,黛
wwgf,丛
wwg,丛
wcdm,颂
wcd,颂
wkso,煲
wycn,翎
wds,倚
wdsk,倚
wyfj,储
wqr,斧
wqrj,斧
wtc,叙
wtcy,叙
wtp,途
wtpi,途
wycb,邻
wyf,储
wqbh,仰
wffy,侍
wff,侍
wtuy,佟
wieg,俏
wie,俏
wgcf,侄
wlkg,伽
wlk,伽
wkqn,侃
wkq,侃
wvp,侵
wdg,仨
wvpc,侵
wgl,僵
wglg,僵
wgkg,鸽
woy,伙
wo,伙
wtfn,恁
wtdj,侨
wtd,侨
wgdu,癸
wgd,癸
wdjg,佰
wdj,佰
wup,傍
wupy,傍
wwyc,伶
why,仆
wfmo,爨
wtfh,仟
wnb,倔
wamj,岱
wtv,倭
wtvg,倭
wvd,颁
wvdm,颁
wnbm,倔
wgit,敛
wi,偿
wip,偿
wipc,偿
wyw,俯
wywf,俯
wdg,估
wd,估
wad,偌
wybc,禽
wyb,禽
wadk,偌
wtj,俐
wtjh,俐
wud,倦
wudb,倦
wwgi,俭
wwbf,耸
wwb,耸
wfiu,佘
wgkm,凳
whty,攸
wyfj,隼
wxb,仑
wim,倘
wimk,倘
wvmj,岔
wrtf,俾
wrt,俾
waht,伢
wah,伢
wqd,儋
wqdy,儋
web,俘
webg,俘
whm,侦
whmy,侦
wwn,怂
wwnu,怂
wxxr,偕
wfl,舆
wflw,舆
wnnf,阜
wrw,佚
wrwy,佚
wcgn,瓮
wctd,俟
wct,俟
wcg,瓮
wngk,伺
wng,伺
wmgk,侗
wyeb,隽
wjqn,偈
wjjg,倡
wjq,偈
wgmy,俪
wceh,俑
wce,俑
wnk,僻
wnku,僻
wpn,倌
wpnn,倌
wvyy,仞
wvy,仞
wdw,傣
wdwi,傣
weh,佣
wpx,佗
wpxn,佗
wqfu,釜
wqf,釜
wkkg,侣
wkk,侣
wfcy,伎
wdwh,俸
wtx,侮
wyne,衾
waf,仝
wdu,僚
wtxu,侮
wudh,佯
wdui,僚
wgkm,颌
wajv,偃
wlge,偎
whtd,倏
wde,侑
wdeg,侑
wvnu,忿
wln,仂
wgod,俨
wgo,俨
wpg,伫
wpgg,伫
wujf,僮
wuj,僮
wgkx,龛
wgn,佤
wgnn,佤
wiu,氽
wcwy,傩
wjfg,俚
wjf,俚
wlge,儇
wkgd,俣
wkg,俣
wfkk,僖
wfil,畲
wweg,俎
wuqy,佼
wuq,佼
wmf,倜
wmfk,倜
wl,佃
wlg,佃
wrqc,傀
wrq,傀
wta,伥
wtay,伥
wtn,仡
wtnn,仡
wlny,偲
wynm,颔
waqj,僭
wtfm,赁
whjh,倬
wdtf,俦
wqq,侈
wqqy,侈
wri,侏
wriy,侏
wyg,隹
waff,垡
wfiy,俅
wfv,佞
wfvg,佞
wjsy,倮
wfkg,佶
wjs,倮
waqt,儆
wba,戗
wbat,戗
wgkw,歙
wgkn,翕
wsh,仃
wipq,傥
wiq,佻
wiqn,佻
wov,偻
wovg,偻
wgif,佥
wwbn,伧
wtfh,仵
wlll,儡
wll,儡
watq,侥
wndg,倨
wyoj,劁
wnd,倨
wwfc,侩
wyi,僦
wyin,僦
wdjd,俳
wwgg,佺
wyy,雠
wyyy,雠
wmgn,俜
wycn,瓴
wym,伉
wymn,伉
wsoy,僳
wtcy,仫
wso,僳
wss,傈
wssy,傈
wfcb,郐
wcrh,侔
wbg,佴
wyjh,侪
wyj,侪
wcr,侔
wdf,侉
wdfn,侉
wgeq,觎
wfmy,璺
wfm,璺
wqkg,佝
wqk,佝
wnx,伲
wyvp,餸
wnxn,伲
wth,亻
waqy,伛
wang,佢
wfa,偾
wfam,偾
wfcy,伝
whh,佧
whhy,佧
wiu,尒
wpr,傧
wprw,傧
wpw,倥
wpwa,倥
wgka,龠
wwe,佾
wweg,佾
wfcj,刽
wwkg,鹆
wyog,鹪
wvff,坌
wqrn,偬
wmn,仉
wwyo,僬
wxxn,仳
wxx,仳
wsq,鸺
wsqg,鸺
wwfi,傺
warh,牮
war,牮
wgen,毹
x,经
xwgk,给
xwg,给
xw,给
xx,比
xxn,比
xt,张
xta,张
xtay,张
xeyy,级
xey,级
xe,级
xk,强
xkj,强
xkjy,强
xcag,经
xca,经
xc,经
xqyy,约
xqy,约
xq,约
xeg,组
xegg,组
xa,红
xag,红
xg,线
xgt,线
xjmu,费
xjm,费
xte,乡
xan,练
xanw,练
xgb,纯
xgbn,纯
xv,绿
xviy,绿
xvi,绿
xxrf,皆
xxr,皆
xqan,纸
xqa,纸
xwy,维
xfkg,结
xfk,结
xf,结
xwyg,维
xxe,缘
xxey,缘
xuxu,弱
xux,弱
xuj,弹
xujf,弹
xmw,纳
xmwy,纳
xqc,绝
xqcn,绝
xu,弱
xgui,母
xgu,母
xxg,丝
xonn,继
xxgf,丝
xon,继
xo,继
xh,引
xhh,引
xnn,纪
xn,纪
xl,细
xtu,终
xtuy,终
xlg,细
xyna,编
xoxn,粥
xox,粥
xat,绕
xatq,绕
xfn,续
xfnd,续
xnn,幻
xxm,幽
xxmk,幽
xvk,绍
xvkg,绍
xngn,弓
xng,弓
xxfj,毕
xxf,毕
xyy,纹
xten,绣
xtd,颖
xtdm,颖
xkw,织
xkwy,织
xln,幼
xyx,弦
xyxy,弦
xjk,弗
xtdh,疑
xtdp,缝
xyc,统
xwwy,纵
xww,纵
xycq,统
xdtb,绑
xdt,绑
xcy,弘
xkjn,绳
xi,纱
xyj,缠
xyjf,缠
xpwj,缩
xitt,纱
xit,纱
xpw,缩
xefc,缓
xef,缓
xj,旨
xqiy,弥
xqi,弥
xnny,幺
xjf,旨
xmqy,纲
xmq,纲
xm,纲
xdjd,绯
xtk,络
xtkg,络
xwf,绘
xwfc,绘
xry,缴
xryt,缴
xds,绮
xdsk,绮
xft,绪
xftj,绪
xrmh,绵
xrm,绵
xnfg,纽
xr,绵
xnf,纽
xfmu,贯
xfm,贯
xtfh,纤
xtf,纤
xfgg,疆
xfg,疆
xadt,绒
xad,绒
xuq,绞
xuqy,绞
xnh,纠
xnhh,纠
xnw,缪
xnwe,缪
xfw,绫
xfwt,绫
xyn,纺
xy,纺
xwxn,纶
xwx,纶
xwvn,纷
xwv,纷
xpfi,综
xpf,综
xp,综
xde,毋
xgef,缚
xge,缚
xfnh,纬
xbn,弛
xb,弛
xrcy,弧
xrc,弧
xxgx,毙
xov,缕
xovg,缕
xdmd,缅
xmmv,缨
xmm,缨
xjgh,缇
xjg,缇
xcc,缀
xccc,缀
xgm,绩
xgmy,绩
xuf,绊
xufh,绊
xee,绷
xeeg,绷
xkjh,犟
xgoa,彝
xgo,彝
xke,绢
xtah,绛
xkeg,绢
xqjg,绚
xqj,绚
xwdc,缎
xwd,缎
xd,顷
xdm,顷
xdmy,顷
xdj,弼
xdjx,弼
xmf,绸
xmfk,绸
xpn,绾
xev,绥
xevg,绥
xpnn,绾
xjh,绅
xjhh,绅
xjtq,缆
xjt,缆
xkb,缉
xkbg,缉
xpg,绽
xpgh,绽
xtn,匕
xid,颍
xidm,颍
xhj,绰
xhjh,绰
xup,缔
xuph,缔
xvyy,纨
xhi,缈
xfy,纣
xhit,缈
xieg,绡
xie,绡
xlny,缌
xgl,缰
xglg,缰
xgxx,彘
xcf,绎
xcfh,绎
xgx,彘
xej,蠡
xejj,蠡
xepc,绶
xtw,飨
xtwe,飨
xep,绶
xcb,纾
xcbh,纾
xpr,缤
xprw,缤
xjlc,缦
xjl,缦
xdui,缭
xuw,缢
xuwl,缢
xdu,缭
xthk,绺
xth,绺
xsfi,缥
xsf,缥
xdgt,缄
xdg,缄
xud,缮
xudk,缮
xxa,畿
xxal,畿
xqvg,绉
xqv,绉
xfq,鸨
xfqg,鸨
xafg,绀
xaf,绀
xoxh,鬻
xfkm,缬
xymk,缟
xym,缟
xvlg,缁
xvl,缁
xvy,纫
xvyy,纫
xyb,缡
xybc,缡
xlx,辔
xgf,纡
xfhw,缜
xfh,缜
xgfh,纡
xsh,缃
xshg,缃
xlxk,辔
xudb,绻
xfc,纭
xfcy,纭
xtsy,绦
xbg,弭
xts,绦
xvj,缫
xvjs,缫
xgoj,缙
xnaj,缗
xna,缗
xeu,彖
xdcy,绂
xxnt,毖
xdc,绂
xul,缯
xulj,缯
xckg,绐
xck,绐
xwn,缑
xtnn,纥
xtfm,缵
xtdh,肄
xwnd,缑
xim,绱
ximk,绱
xbm,绌
xbmh,绌
xkhp,缱
xlge,缳
xyt,纩
xuxt,绨
xxgg,鸶
xwnp,缒
xtfh,绗
xdf,绔
xdfn,绔
xkks,缲
xlxi,缧
xtg,缍
xwgq,缏
xxx,纟
xxxx,纟
xtgf,缍
xcag,弪
xfuf,緈
xhnw,眞
xiu,糸
xkh,缋
xkhm,缋
xkk,缲
xann,绁
xdff,缛
xuvo,缣
xuv,缣
xgj,绠
xgjq,绠
xjx,绲
xjxx,绲
xxxn,纰
xxjh,绋
xxj,绋
xafh,缂
xjq,艴
xjqc,艴
y,主
yyyy,言
yidn,就
yi,就
yp,这
ypi,这
yuk,说
yukq,说
yu,说
yl,为
ylyi,为
yly,为
yh,让
yhg,让
yynw,该
ygeg,请
yge,请
ywyg,谁
ymkf,高
ymk,高
ym,高
ytd,话
ytdg,话
yt,放
yty,放
yfjh,讲
yj,刘
yjh,刘
yid,应
yfj,讲
ygd,主
yygy,文
yg,主
yb,离
ybm,离
ymhj,市
yy,方
yygn,方
ybmc,离
ya,度
yaci,度
yac,度
yhk,店
yhkd,店
yoo,谈
yooy,谈
yoc,变
ywty,夜
ywt,夜
yo,变
yocu,变
yfnd,读
ynn,记
yny,房
ynyv,房
you,亦
yfn,读
yn,记
ywx,论
ywxn,论
ytf,许
ytfh,许
ytm,谢
ytmf,谢
yvh,唐
yvhk,唐
yff,诗
yffy,诗
yjj,齐
ywwf,座
yyy,言
yneg,望
yssc,魔
yww,座
ygkg,语
ygk,语
yghg,证
ygh,证
yxif,率
yxi,率
yx,率
ymf,调
yne,户
ymfk,调
ybbh,郭
ybb,郭
yygt,广
yngk,词
yfd,庄
ypmb,亮
ypm,亮
yoju,蛮
yoj,蛮
ytt,族
yttd,族
yvi,康
yvii,康
ytyh,州
ywf,府
ywfi,府
yssc,麽
ysi,床
yadk,诺
yad,诺
ynm,遍
ynmp,遍
yq,义
yqa,底
yqay,底
yqi,义
ynii,永
yni,永
ynky,赢
yaag,试
yaa,试
ytb,施
ytbn,施
ynfh,讯
ynf,讯
yxu,玄
ylk,库
yjsy,课
yeu,衣
ye,衣
yjs,课
yfh,计
yf,计
yvcb,郎
yiu,京
ysj,谭
yguh,评
ysjh,谭
yss,麻
ygu,评
yssi,麻
ymcy,设
ymc,设
yv,良
yve,良
yvei,良
ydn,诚
ydnt,诚
yonu,恋
yon,恋
ynnu,忘
yssd,磨
ywuy,於
yftj,诸
ylf,亩
yft,诸
ywy,认
ywu,於
yw,认
ybv,熟
ypeu,豪
ybvo,熟
yd,庆
ydi,庆
ywwg,鹰
ymkc,敲
ytey,旅
yvc,朗
ytaw,旗
yfy,讨
yvce,朗
yam,席
yamh,席
yta,旗
ypsj,亭
yps,亭
ynk,启
ynkd,启
ykh,训
ycaj,弃
yca,弃
ykgd,误
ykg,误
yk,训
yjjh,剂
ykwy,识
ytfp,庭
ymd,庙
ynv,亡
ynty,废
ynhf,盲
ynh,盲
ykw,识
ycqb,充
ycq,充
yc,充
ynwe,廖
ynw,廖
yntj,刻
ynt,刻
yssr,摩
ysh,订
ys,订
yoxb,弯
yox,弯
yafs,谋
yaf,谋
ygah,斌
yga,斌
ynj,鹿
yned,肩
ycfh,译
ycf,译
yvwi,庚
yvw,庚
ynnd,扇
ynjx,鹿
yeu,哀
ynma,扁
ykge,衰
yr,诉
yry,诉
yryy,诉
ydmj,斋
ydm,斋
yuo,谱
yuoj,谱
yyn,访
ybf,享
ydxv,庞
yuvo,谦
yuv,谦
ytnh,旋
ytn,旋
ydx,庞
ycef,育
yce,育
ynjh,麟
ycb,序
ycbk,序
yak,谨
yopy,谜
ypk,膏
ypke,膏
yakg,谨
yuvo,廉
yodu,奕
yod,奕
ynwy,诀
yyq,议
yyqy,议
yle,谓
yleg,谓
yaop,遮
ybj,亨
ywfw,腐
yopi,迹
yop,迹
ybt,敦
ybty,敦
yjse,裹
ynwy,雇
yemk,裔
yem,裔
yxt,雍
yxty,雍
ypt,毫
yptn,毫
ywet,诊
yveh,庸
ywe,诊
ydjn,庵
yten,诱
ywwf,卒
ykk,襄
ykke,襄
yntw,亥
yte,诱
yan,谍
yans,谍
ynvf,妄
yud,详
yudh,详
yyv,廊
yyvb,廊
yth,诈
ythf,诈
ybvy,孰
yayq,谎
ylki,禀
ylkm,颤
yay,谎
yri,诛
yriy,诛
yhu,卞
yerm,谣
yer,谣
yxlf,畜
yxl,畜
ytnn,讫
yoaj,弈
yoa,弈
ypeg,谊
ype,谊
yoqg,鸾
yoq,鸾
yceh,诵
ybh,邝
ynjw,麒
yvk,诏
yvkg,诏
ywk,褒
ywke,褒
yyi,谅
yyiy,谅
yyne,庐
yos,栾
yosu,栾
yxxr,谐
ybou,烹
ybo,烹
yqj,询
yqjg,询
ynth,肇
ygli,谏
ygl,谏
ysso,糜
yfnh,讳
ykhe,衷
yuph,谛
yidg,鹫
ynwe,谬
ynky,嬴
yqk,谗
yqku,谗
ythp,诞
yqd,诡
yqdb,诡
ymb,亢
yaoi,庶
yao,庶
yssd,靡
ywxn,讹
yyb,廓
yybb,廓
ykhp,谴
ymwy,讷
ymw,讷
ywgj,谕
ymq,讽
ymqy,讽
ynkc,扈
yxx,庇
yxxv,庇
yom,峦
yomj,峦
ywc,讼
ywcy,讼
yaah,诫
yupy,谤
yup,谤
ypta,诧
yaww,诬
yaw,诬
ynna,氓
yvwi,庾
ynmn,翩
ynef,肓
ymn,讥
ykky,瓤
yjqn,谒
yjq,谒
yjlc,谩
yjl,谩
yujg,谙
yuj,谙
yut,谚
yute,谚
yfkg,诘
yfk,诘
ynij,昶
yadn,谌
ywwe,膺
yajd,谟
yaj,谟
yndd,扉
ysk,诃
yskg,诃
yxjg,诣
yxj,诣
yuwl,谥
yuw,谥
ynd,戾
yndi,戾
yyff,堃
ywyo,谯
ytxu,诲
ytx,诲
yob,孪
yqtg,诳
yobf,孪
yqt,诳
yttg,旌
ydjd,诽
ydj,诽
ytdk,旖
yoqf,銮
yagg,诓
yeg,诅
yegg,诅
yqvh,诤
yxtf,壅
ynky,羸
yng,诩
yugi,斓
ymh,讪
yckg,诒
yck,诒
ybvf,塾
ykkn,谔
yntl,谧
ywyn,谂
yqvg,诌
ytfk,诰
ykf,吝
ytnx,旎
yum,谪
yumd,谪
ywg,诠
ywgg,诠
yaht,讶
yah,讶
ywwg,谶
ytyq,旒
ypta,亳
ynjf,麝
yhag,谑
yha,谑
yyna,谝
yudk,庠
yvwm,赓
yipq,谠
yip,谠
yug,谰
yugi,谰
ybcy,诹
ybc,诹
yrve,亵
ynjo,麋
yrv,亵
yssn,麾
yor,挛
yorj,挛
yqvg,谄
ytmy,旃
yany,庹
ynky,蠃
yovf,娈
yov,娈
yvwy,谀
yefc,谖
yqnv,庖
yyli,廪
yaq,讴
yaqy,讴
yef,谖
yqn,庖
ynjm,麂
yrg,诟
yrgk,诟
ydg,诂
yssi,縻
yxiu,紊
ybqg,鹑
yfq,庑
yfqv,庑
yntl,劾
ybq,鹑
yntm,颏
ytee,膂
ynmk,扃
yqay,诋
ydiy,诔
yfmd,谳
yfm,谳
ycbk,谲
yttn,旄
yang,讵
yws,庥
ywsi,庥
yybg,谆
yaqj,谮
ynb,邙
ynbh,邙
yeyy,诼
yey,诼
yfh,讦
ynu,戽
ynuf,戽
yqdy,谵
yomw,脔
ynjt,麇
ydjj,齑
yxte,饔
ylwt,谡
yfc,庋
yfci,庋
yhy,讣
ytfq,诜
ylw,谡
yjff,廛
yjf,廛
yplh,诨
yaog,鹧
ypl,诨
ydoy,诙
ydo,诙
yieg,诮
yie,诮
ygqt,廒
ygq,廒
ynti,綮
ynjg,麈
ytv,诿
ytvg,诿
yctd,诶
ytan,託
yct,诶
ycbe,袤
ybtn,憝
ymdm,颃
ymjk,廁
yakg,廑
yny,訫
yqe,廨
yqeh,廨
yuq,谘
yuqk,谘
yveu,裒
ygkl,諨
yxv,庀
yyg,亠
yyl,丶
yyll,丶
yyn,讠
yag,讧
ytgh,旆
yywf,谇
ytg,旆
yyw,谇
ybmh,诎
yffg,诖
ybh,邡
yrtf,庳
yrt,庳
ynjq,鏖
yue,谫
yuev,谫